PROD_EST,COBERTURA,ANIO,ID_ENTIDAD,ID_MUNICIPIO,AUTO_OFICIAL,AUTO_PUBLICO,AUTO_PARTICULAR,CAM_PAS_OFICIAL,CAM_PAS_PUBLICO,CAM_PAS_PARTICULAR,CYC_CARGA_OFICIAL,CYC_CARGA_PUBLICO,CYC_CARGA_PARTICULAR,MOTO_OFICIAL,MOTO_DE_ALQUILER,MOTO_PARTICULAR,ESTATUS
Vehículos de motor registrados en circulación. Anual,Municipal,1988,01,001,1141,1107,38258,36,634,101,1002,704,23914,30,0,2519,Cifras Definitivas.
Vehículos de motor registrados en circulación. Anual,Municipal,1988,01,002,2,28,148,1,2,2,2,10,433,0,0,53,Cifras Definitivas.
Vehículos de motor registrados en circulación. Anual,Municipal,1988,01,003,4,52,485,0,2,1,12,15,1254,0,0,51,Cifras Definitivas.
Vehículos de motor registrados en circulación. Anual,Municipal,1988,01,004,1,12,111,0,0,0,4,8,173,0,0,16,Cifras Definitivas.
Vehículos de motor registrados en circulación. Anual,Municipal,1988,01,005,4,16,311,0,38,1,3,9,630,0,0,87,Cifras Definitivas.
Vehículos de motor registrados en circulación. Anual,Municipal,1988,01,006,14,49,529,0,5,1,23,16,514,0,0,33,Cifras Definitivas.
Vehículos de motor registrados en circulación. Anual,Municipal,1988,01,007,3,30,393,0,2,2,7,9,647,0,0,43,Cifras Definitivas.
Vehículos de motor registrados en circulación. Anual,Municipal,1988,01,008,2,28,85,0,0,0,3,6,105,0,0,13,Cifras Definitivas.
Vehículos de motor registrados en circulación. Anual,Municipal,1988,01,009,0,37,68,0,2,1,7,10,235,0,0,16,Cifras Definitivas.
Vehículos de motor registrados en circulación. Anual,Municipal,1988,02,001,54,207,64464,0,149,0,36,372,21485,7,0,190,Cifras Definitivas.
Vehículos de motor registrados en circulación. Anual,Municipal,1988,02,002,741,796,130200,39,438,0,84,873,54838,20,0,1892,Cifras Definitivas.
Vehículos de motor registrados en circulación. Anual,Municipal,1988,02,003,11,78,35845,0,17,0,0,122,4151,0,0,45,Cifras Definitivas.
Vehículos de motor registrados en circulación. Anual,Municipal,1988,02,004,315,3114,134879,0,735,0,127,912,33721,35,0,863,Cifras Definitivas.
Vehículos de motor registrados en circulación. Anual,Municipal,1988,03,001,61,272,5681,9,27,0,153,226,6972,0,0,82,Cifras Definitivas.
Vehículos de motor registrados en circulación. Anual,Municipal,1988,03,002,25,161,2037,0,28,0,10,62,3319,0,0,38,Cifras Definitivas.
Vehículos de motor registrados en circulación. Anual,Municipal,1988,03,003,416,391,23655,0,134,28,912,221,9319,20,42,485,Cifras Definitivas.
Vehículos de motor registrados en circulación. Anual,Municipal,1988,03,008,70,259,3423,6,22,0,72,68,3083,0,0,46,Cifras Definitivas.
Vehículos de motor registrados en circulación. Anual,Municipal,1988,04,001,37,57,494,8,24,4,23,27,246,2,0,108,Cifras Definitivas.
Vehículos de motor registrados en circulación. Anual,Municipal,1988,04,002,211,386,13399,0,104,57,109,212,9536,0,0,2393,Cifras Definitivas.
Vehículos de motor registrados en circulación. Anual,Municipal,1988,04,003,0,647,6834,0,51,0,0,336,5479,0,0,3604,Cifras Definitivas.
Vehículos de motor registrados en circulación. Anual,Municipal,1988,04,004,25,36,2416,4,144,3,17,32,3660,0,0,185,Cifras Definitivas.
Vehículos de motor registrados en circulación. Anual,Municipal,1988,04,005,29,21,187,2,4,0,27,21,124,0,0,44,Cifras Definitivas.
Vehículos de motor registrados en circulación. Anual,Municipal,1988,04,006,14,17,203,0,4,0,42,102,254,0,0,38,Cifras Definitivas.
Vehículos de motor registrados en circulación. Anual,Municipal,1988,04,007,11,32,145,13,99,24,5,41,386,0,0,16,Cifras Definitivas.
Vehículos de motor registrados en circulación. Anual,Municipal,1988,04,008,0,5,51,0,4,0,3,6,63,0,0,4,Cifras Definitivas.
Vehículos de motor registrados en circulación. Anual,Municipal,1988,05,002,37,132,7139,0,29,0,0,116,3578,0,0,72,Cifras Definitivas.
Vehículos de motor registrados en circulación. Anual,Municipal,1988,05,003,7,55,1247,0,7,0,3,0,1034,0,0,10,Cifras Definitivas.
Vehículos de motor registrados en circulación. Anual,Municipal,1988,05,010,5,85,4827,0,0,0,6,61,3074,0,0,256,Cifras Definitivas.
Vehículos de motor registrados en circulación. Anual,Municipal,1988,05,017,64,78,1097,0,7,0,0,19,2101,0,0,51,Cifras Definitivas.
Vehículos de motor registrados en circulación. Anual,Municipal,1988,05,018,12,329,17108,0,231,29,0,313,12971,0,0,229,Cifras Definitivas.
Vehículos de motor registrados en circulación. Anual,Municipal,1988,05,020,8,164,1974,1,27,0,38,178,2503,0,0,95,Cifras Definitivas.
Vehículos de motor registrados en circulación. Anual,Municipal,1988,05,024,6,64,1070,0,24,0,0,36,1007,0,0,88,Cifras Definitivas.
Vehículos de motor registrados en circulación. Anual,Municipal,1988,05,025,20,198,21944,0,33,0,0,77,2479,0,0,285,Cifras Definitivas.
Vehículos de motor registrados en circulación. Anual,Municipal,1988,05,028,0,72,5727,0,38,0,0,17,6466,0,0,93,Cifras Definitivas.
Vehículos de motor registrados en circulación. Anual,Municipal,1988,05,030,231,1329,43596,6,438,73,7,358,22687,0,0,2346,Cifras Definitivas.
Vehículos de motor registrados en circulación. Anual,Municipal,1988,05,032,0,83,2974,0,32,3,0,177,2000,0,0,128,Cifras Definitivas.
Vehículos de motor registrados en circulación. Anual,Municipal,1988,05,033,7,78,3568,0,133,0,0,141,3595,0,0,259,Cifras Definitivas.
Vehículos de motor registrados en circulación. Anual,Municipal,1988,05,035,0,2203,34035,0,715,87,0,677,19356,0,0,3167,Cifras Definitivas.
Vehículos de motor registrados en circulación. Anual,Municipal,1988,05,999,28,332,14070,4,236,50,12,198,10596,0,0,427,Cifras Definitivas.
Vehículos de motor registrados en circulación. Anual,Municipal,1988,06,001,0,102,1579,0,36,2,0,146,1693,0,0,273,Cifras Definitivas.
Vehículos de motor registrados en circulación. Anual,Municipal,1988,06,002,0,604,30905,0,389,223,0,694,22552,0,0,5391,Cifras Definitivas.
Vehículos de motor registrados en circulación. Anual,Municipal,1988,06,003,0,22,556,0,25,5,0,13,1060,0,0,63,Cifras Definitivas.
Vehículos de motor registrados en circulación. Anual,Municipal,1988,06,004,0,68,457,0,13,0,0,18,735,0,0,129,Cifras Definitivas.
Vehículos de motor registrados en circulación. Anual,Municipal,1988,06,005,0,113,1235,0,11,5,0,19,1930,0,0,80,Cifras Definitivas.
Vehículos de motor registrados en circulación. Anual,Municipal,1988,06,006,0,16,69,0,7,0,0,0,246,0,0,3,Cifras Definitivas.
Vehículos de motor registrados en circulación. Anual,Municipal,1988,06,007,0,547,7337,0,131,71,0,460,7151,0,0,2543,Cifras Definitivas.
Vehículos de motor registrados en circulación. Anual,Municipal,1988,06,008,0,15,142,0,12,0,0,27,270,0,0,10,Cifras Definitivas.
Vehículos de motor registrados en circulación. Anual,Municipal,1988,06,009,0,280,5369,0,106,16,0,167,9752,0,0,1602,Cifras Definitivas.
Vehículos de motor registrados en circulación. Anual,Municipal,1988,06,010,0,68,1608,0,103,6,0,58,1741,0,0,556,Cifras Definitivas.
Vehículos de motor registrados en circulación. Anual,Municipal,1988,07,009,0,33,864,0,12,0,0,65,901,0,0,22,Cifras Definitivas.
Vehículos de motor registrados en circulación. Anual,Municipal,1988,07,017,0,53,668,0,20,0,0,28,963,0,0,58,Cifras Definitivas.
Vehículos de motor registrados en circulación. Anual,Municipal,1988,07,019,0,59,2162,0,50,0,0,18,1563,0,0,46,Cifras Definitivas.
Vehículos de motor registrados en circulación. Anual,Municipal,1988,07,027,6,76,797,0,10,0,0,113,1013,0,0,114,Cifras Definitivas.
Vehículos de motor registrados en circulación. Anual,Municipal,1988,07,040,0,50,1179,0,96,0,0,66,1465,0,0,110,Cifras Definitivas.
Vehículos de motor registrados en circulación. Anual,Municipal,1988,07,051,0,17,265,0,39,0,0,18,521,0,0,38,Cifras Definitivas.
Vehículos de motor registrados en circulación. Anual,Municipal,1988,07,057,0,19,199,0,52,0,0,0,199,0,0,6,Cifras Definitivas.
Vehículos de motor registrados en circulación. Anual,Municipal,1988,07,061,0,35,979,0,12,0,0,38,932,0,0,21,Cifras Definitivas.
Vehículos de motor registrados en circulación. Anual,Municipal,1988,07,065,0,42,530,0,12,2,0,14,663,0,0,23,Cifras Definitivas.
Vehículos de motor registrados en circulación. Anual,Municipal,1988,07,068,0,43,1648,0,17,0,0,82,1250,0,0,56,Cifras Definitivas.
Vehículos de motor registrados en circulación. Anual,Municipal,1988,07,069,0,29,383,0,10,0,0,19,849,0,0,29,Cifras Definitivas.
Vehículos de motor registrados en circulación. Anual,Municipal,1988,07,074,0,54,453,0,68,0,0,70,904,0,0,28,Cifras Definitivas.
Vehículos de motor registrados en circulación. Anual,Municipal,1988,07,078,0,108,4529,0,45,0,0,214,3334,0,0,237,Cifras Definitivas.
Vehículos de motor registrados en circulación. Anual,Municipal,1988,07,089,0,252,6390,0,129,12,0,272,5111,0,0,323,Cifras Definitivas.
Vehículos de motor registrados en circulación. Anual,Municipal,1988,07,097,0,61,776,0,17,0,0,42,920,0,0,30,Cifras Definitivas.
Vehículos de motor registrados en circulación. Anual,Municipal,1988,07,101,220,981,22051,45,299,83,45,486,14531,47,0,1067,Cifras Definitivas.
Vehículos de motor registrados en circulación. Anual,Municipal,1988,07,102,0,27,173,0,0,0,0,21,194,0,0,9,Cifras Definitivas.
Vehículos de motor registrados en circulación. Anual,Municipal,1988,07,106,0,20,358,0,71,0,20,64,541,0,0,20,Cifras Definitivas.
Vehículos de motor registrados en circulación. Anual,Municipal,1988,07,108,0,67,925,2,63,0,0,252,2008,0,0,80,Cifras Definitivas.
Vehículos de motor registrados en circulación. Anual,Municipal,1988,07,109,0,17,326,0,14,0,0,39,508,0,0,25,Cifras Definitivas.
Vehículos de motor registrados en circulación. Anual,Municipal,1988,07,999,3,77,2583,0,100,10,5,135,3553,0,0,22,Cifras Definitivas.
Vehículos de motor registrados en circulación. Anual,Municipal,1988,08,001,6,19,612,0,8,0,0,99,1988,0,0,25,Cifras Definitivas.
Vehículos de motor registrados en circulación. Anual,Municipal,1988,08,002,3,17,809,0,4,0,6,23,1557,0,0,99,Cifras Definitivas.
Vehículos de motor registrados en circulación. Anual,Municipal,1988,08,011,16,53,2480,0,21,14,28,59,3094,0,0,118,Cifras Definitivas.
Vehículos de motor registrados en circulación. Anual,Municipal,1988,08,017,0,310,6107,0,122,3,0,381,9816,0,0,349,Cifras Definitivas.
Vehículos de motor registrados en circulación. Anual,Municipal,1988,08,019,116,1009,48473,0,988,106,13,1130,32714,0,0,3986,Cifras Definitivas.
Vehículos de motor registrados en circulación. Anual,Municipal,1988,08,021,99,94,10968,56,139,0,8,180,10599,4,0,1079,Cifras Definitivas.
Vehículos de motor registrados en circulación. Anual,Municipal,1988,08,024,0,5,1308,0,64,0,0,21,1880,0,0,101,Cifras Definitivas.
Vehículos de motor registrados en circulación. Anual,Municipal,1988,08,025,0,8,233,0,8,0,0,47,1114,0,0,5,Cifras Definitivas.
Vehículos de motor registrados en circulación. Anual,Municipal,1988,08,028,10,20,2565,0,12,0,11,8,2500,0,0,0,Cifras Definitivas.
Vehículos de motor registrados en circulación. Anual,Municipal,1988,08,031,0,19,1716,0,43,0,0,35,3693,0,0,76,Cifras Definitivas.
Vehículos de motor registrados en circulación. Anual,Municipal,1988,08,032,28,180,5806,0,72,22,22,129,6856,0,0,505,Cifras Definitivas.
Vehículos de motor registrados en circulación. Anual,Municipal,1988,08,035,0,12,668,0,5,0,0,4,791,0,0,0,Cifras Definitivas.
Vehículos de motor registrados en circulación. Anual,Municipal,1988,08,036,0,59,1396,0,15,0,0,68,3139,0,0,109,Cifras Definitivas.
Vehículos de motor registrados en circulación. Anual,Municipal,1988,08,037,1975,1956,201852,16,2938,693,94,2091,11521,136,0,3940,Cifras Definitivas.
Vehículos de motor registrados en circulación. Anual,Municipal,1988,08,040,5,54,764,0,19,0,0,236,4033,0,0,70,Cifras Definitivas.
Vehículos de motor registrados en circulación. Anual,Municipal,1988,08,045,21,92,2878,0,16,0,0,121,5922,0,0,584,Cifras Definitivas.
Vehículos de motor registrados en circulación. Anual,Municipal,1988,08,048,0,25,693,2,15,3,7,198,3268,0,0,13,Cifras Definitivas.
Vehículos de motor registrados en circulación. Anual,Municipal,1988,08,050,57,52,12357,0,584,42,0,849,21670,0,0,376,Cifras Definitivas.
Vehículos de motor registrados en circulación. Anual,Municipal,1988,08,052,0,41,1740,0,14,0,0,47,3586,0,0,16,Cifras Definitivas.
Vehículos de motor registrados en circulación. Anual,Municipal,1988,08,055,0,7,440,0,16,0,0,0,1262,0,0,195,Cifras Definitivas.
Vehículos de motor registrados en circulación. Anual,Municipal,1988,08,060,0,17,1734,0,10,6,0,17,1905,0,0,84,Cifras Definitivas.
Vehículos de motor registrados en circulación. Anual,Municipal,1988,08,062,4,46,1007,0,4,1,0,48,1583,0,0,41,Cifras Definitivas.
Vehículos de motor registrados en circulación. Anual,Municipal,1988,08,999,37,159,3115,9,66,11,52,214,8927,0,0,210,Cifras Definitivas.
Vehículos de motor registrados en circulación. Anual,Municipal,1988,09,002,179,4635,80500,0,441,49,0,1543,10628,0,0,760,Cifras Definitivas.
Vehículos de motor registrados en circulación. Anual,Municipal,1988,09,003,361,5551,136875,0,769,186,0,756,5501,0,0,1203,Cifras Definitivas.
Vehículos de motor registrados en circulación. Anual,Municipal,1988,09,004,40,918,13704,0,71,7,0,244,1190,0,0,148,Cifras Definitivas.
Vehículos de motor registrados en circulación. Anual,Municipal,1988,09,005,486,13100,178108,0,980,376,0,2856,10299,0,0,1456,Cifras Definitivas.
Vehículos de motor registrados en circulación. Anual,Municipal,1988,09,006,150,6071,71899,0,399,47,0,1070,6694,0,0,605,Cifras Definitivas.
Vehículos de motor registrados en circulación. Anual,Municipal,1988,09,007,319,11782,127674,0,696,110,0,2226,12373,0,0,1336,Cifras Definitivas.
Vehículos de motor registrados en circulación. Anual,Municipal,1988,09,008,80,1180,25038,0,141,30,0,165,941,0,0,281,Cifras Definitivas.
Vehículos de motor registrados en circulación. Anual,Municipal,1988,09,009,13,464,3987,0,24,2,0,40,984,0,0,28,Cifras Definitivas.
Vehículos de motor registrados en circulación. Anual,Municipal,1988,09,010,278,5016,108594,0,608,158,0,822,7079,0,0,1195,Cifras Definitivas.
Vehículos de motor registrados en circulación. Anual,Municipal,1988,09,011,36,1679,12196,0,63,14,0,165,1498,0,0,203,Cifras Definitivas.
Vehículos de motor registrados en circulación. Anual,Municipal,1988,09,012,141,3227,71049,0,382,213,0,505,5541,0,0,429,Cifras Definitivas.
Vehículos de motor registrados en circulación. Anual,Municipal,1988,09,013,81,2617,26038,0,140,31,0,294,2687,0,0,267,Cifras Definitivas.
Vehículos de motor registrados en circulación. Anual,Municipal,1988,09,014,484,2751,168500,0,1001,758,0,803,10924,0,0,1907,Cifras Definitivas.
Vehículos de motor registrados en circulación. Anual,Municipal,1988,09,015,707,5017,177145,0,1032,655,0,1445,31022,0,0,2250,Cifras Definitivas.
Vehículos de motor registrados en circulación. Anual,Municipal,1988,09,016,850,3272,143234,0,816,293,0,587,15724,0,0,2110,Cifras Definitivas.
Vehículos de motor registrados en circulación. Anual,Municipal,1988,09,017,195,6935,85083,0,479,100,0,1098,5801,0,0,577,Cifras Definitivas.
Vehículos de motor registrados en circulación. Anual,Municipal,1988,10,001,13,45,509,0,17,0,20,29,675,0,0,54,Cifras Definitivas.
Vehículos de motor registrados en circulación. Anual,Municipal,1988,10,005,54,1136,22845,0,432,108,16,2653,24551,0,0,1791,Cifras Definitivas.
Vehículos de motor registrados en circulación. Anual,Municipal,1988,10,007,6,218,16090,0,97,43,2,714,9813,0,0,763,Cifras Definitivas.
Vehículos de motor registrados en circulación. Anual,Municipal,1988,10,008,3,49,876,0,80,24,0,78,2941,0,0,21,Cifras Definitivas.
Vehículos de motor registrados en circulación. Anual,Municipal,1988,10,012,7,101,7946,0,64,15,0,135,6889,0,0,118,Cifras Definitivas.
Vehículos de motor registrados en circulación. Anual,Municipal,1988,10,017,4,10,720,0,9,0,7,15,1745,0,0,23,Cifras Definitivas.
Vehículos de motor registrados en circulación. Anual,Municipal,1988,10,032,0,8,793,0,0,0,0,12,2597,0,0,32,Cifras Definitivas.
Vehículos de motor registrados en circulación. Anual,Municipal,1988,10,036,4,28,1135,0,42,0,0,53,1370,0,0,47,Cifras Definitivas.
Vehículos de motor registrados en circulación. Anual,Municipal,1988,10,038,6,29,297,0,13,0,2,30,764,0,0,26,Cifras Definitivas.
Vehículos de motor registrados en circulación. Anual,Municipal,1988,10,999,10,201,1948,20,128,14,60,264,5055,0,0,262,Cifras Definitivas.
Vehículos de motor registrados en circulación. Anual,Municipal,1988,11,001,0,27,1171,0,9,0,0,22,3116,0,0,57,Cifras Definitivas.
Vehículos de motor registrados en circulación. Anual,Municipal,1988,11,002,0,68,2973,0,71,0,0,92,2929,0,0,356,Cifras Definitivas.
Vehículos de motor registrados en circulación. Anual,Municipal,1988,11,003,64,242,2371,2,35,0,0,30,1612,0,0,155,Cifras Definitivas.
Vehículos de motor registrados en circulación. Anual,Municipal,1988,11,007,44,705,15881,6,144,27,42,165,10801,3,0,1281,Cifras Definitivas.
Vehículos de motor registrados en circulación. Anual,Municipal,1988,11,011,4,70,1524,2,19,0,11,15,2044,0,0,23,Cifras Definitivas.
Vehículos de motor registrados en circulación. Anual,Municipal,1988,11,014,0,47,1560,0,12,0,0,28,2089,0,0,238,Cifras Definitivas.
Vehículos de motor registrados en circulación. Anual,Municipal,1988,11,015,70,189,5964,5,112,25,33,154,3214,0,0,714,Cifras Definitivas.
Vehículos de motor registrados en circulación. Anual,Municipal,1988,11,017,0,653,15521,0,186,22,0,196,10707,0,0,1296,Cifras Definitivas.
Vehículos de motor registrados en circulación. Anual,Municipal,1988,11,020,12,1326,46582,6,742,103,14,222,24328,5,0,1871,Cifras Definitivas.
Vehículos de motor registrados en circulación. Anual,Municipal,1988,11,021,0,61,2772,0,33,0,0,18,1789,0,0,293,Cifras Definitivas.
Vehículos de motor registrados en circulación. Anual,Municipal,1988,11,023,6,54,1571,1,30,9,11,32,2502,0,0,33,Cifras Definitivas.
Vehículos de motor registrados en circulación. Anual,Municipal,1988,11,025,4,18,859,0,14,0,0,8,1101,0,0,60,Cifras Definitivas.
Vehículos de motor registrados en circulación. Anual,Municipal,1988,11,027,7,280,9811,0,85,7,60,38,4964,9,0,1006,Cifras Definitivas.
Vehículos de motor registrados en circulación. Anual,Municipal,1988,11,028,5,91,1353,0,61,6,0,27,2003,0,0,93,Cifras Definitivas.
Vehículos de motor registrados en circulación. Anual,Municipal,1988,11,031,6,38,2154,0,6,2,7,169,2522,0,0,237,Cifras Definitivas.
Vehículos de motor registrados en circulación. Anual,Municipal,1988,11,033,0,50,1263,4,9,2,0,19,2130,0,0,179,Cifras Definitivas.
Vehículos de motor registrados en circulación. Anual,Municipal,1988,11,037,0,123,2247,0,34,0,0,36,2410,0,0,291,Cifras Definitivas.
Vehículos de motor registrados en circulación. Anual,Municipal,1988,11,042,0,70,1778,0,47,0,0,34,2919,0,0,264,Cifras Definitivas.
Vehículos de motor registrados en circulación. Anual,Municipal,1988,11,046,0,43,825,0,27,3,0,18,1255,0,0,28,Cifras Definitivas.
Vehículos de motor registrados en circulación. Anual,Municipal,1988,11,999,0,438,10315,0,225,22,11,128,15242,0,0,733,Cifras Definitivas.
Vehículos de motor registrados en circulación. Anual,Municipal,1988,12,001,197,3367,33291,6,654,166,0,431,8182,7,0,1758,Cifras Definitivas.
Vehículos de motor registrados en circulación. Anual,Municipal,1988,12,007,0,28,379,0,6,0,0,41,409,0,0,24,Cifras Definitivas.
Vehículos de motor registrados en circulación. Anual,Municipal,1988,12,011,4,38,1299,0,27,5,0,48,1495,0,0,40,Cifras Definitivas.
Vehículos de motor registrados en circulación. Anual,Municipal,1988,12,021,0,44,1724,0,9,0,0,83,673,0,0,63,Cifras Definitivas.
Vehículos de motor registrados en circulación. Anual,Municipal,1988,12,028,0,35,578,0,53,0,0,29,616,0,0,17,Cifras Definitivas.
Vehículos de motor registrados en circulación. Anual,Municipal,1988,12,029,442,323,4840,8,144,39,283,178,3585,7,0,256,Cifras Definitivas.
Vehículos de motor registrados en circulación. Anual,Municipal,1988,12,034,0,27,493,0,38,0,0,21,794,0,0,33,Cifras Definitivas.
Vehículos de motor registrados en circulación. Anual,Municipal,1988,12,035,14,225,4357,9,212,3,7,154,3096,2,0,319,Cifras Definitivas.
Vehículos de motor registrados en circulación. Anual,Municipal,1988,12,038,4,284,1056,0,19,0,0,159,840,0,0,13,Cifras Definitivas.
Vehículos de motor registrados en circulación. Anual,Municipal,1988,12,046,26,34,343,0,48,0,10,23,558,0,0,14,Cifras Definitivas.
Vehículos de motor registrados en circulación. Anual,Municipal,1988,12,048,0,27,768,0,25,0,0,24,1176,0,0,47,Cifras Definitivas.
Vehículos de motor registrados en circulación. Anual,Municipal,1988,12,050,0,72,1298,0,61,0,0,32,1180,0,0,115,Cifras Definitivas.
Vehículos de motor registrados en circulación. Anual,Municipal,1988,12,053,0,22,800,0,9,0,0,8,837,0,0,21,Cifras Definitivas.
Vehículos de motor registrados en circulación. Anual,Municipal,1988,12,055,0,192,3443,0,59,24,0,79,1381,0,0,52,Cifras Definitivas.
Vehículos de motor registrados en circulación. Anual,Municipal,1988,12,057,0,78,743,0,51,0,0,11,1161,0,0,53,Cifras Definitivas.
Vehículos de motor registrados en circulación. Anual,Municipal,1988,12,061,0,27,1038,0,11,0,0,25,900,0,0,20,Cifras Definitivas.
Vehículos de motor registrados en circulación. Anual,Municipal,1988,12,999,29,227,2356,0,258,26,31,165,3618,5,0,203,Cifras Definitivas.
Vehículos de motor registrados en circulación. Anual,Municipal,1988,13,003,8,128,2981,0,152,6,9,30,2316,0,0,70,Cifras Definitivas.
Vehículos de motor registrados en circulación. Anual,Municipal,1988,13,008,5,66,4362,0,138,4,19,38,663,3,0,103,Cifras Definitivas.
Vehículos de motor registrados en circulación. Anual,Municipal,1988,13,013,6,70,720,0,31,3,24,27,337,0,0,67,Cifras Definitivas.
Vehículos de motor registrados en circulación. Anual,Municipal,1988,13,016,3,36,1792,0,67,10,0,87,797,0,0,52,Cifras Definitivas.
Vehículos de motor registrados en circulación. Anual,Municipal,1988,13,029,4,65,354,0,20,0,2,34,550,0,0,26,Cifras Definitivas.
Vehículos de motor registrados en circulación. Anual,Municipal,1988,13,030,0,56,987,0,34,0,0,8,1006,0,0,10,Cifras Definitivas.
Vehículos de motor registrados en circulación. Anual,Municipal,1988,13,039,2,46,542,0,18,3,0,0,122,0,0,12,Cifras Definitivas.
Vehículos de motor registrados en circulación. Anual,Municipal,1988,13,041,0,28,456,0,14,0,0,0,513,0,0,164,Cifras Definitivas.
Vehículos de motor registrados en circulación. Anual,Municipal,1988,13,048,239,544,18037,13,1382,243,265,192,11006,10,0,366,Cifras Definitivas.
Vehículos de motor registrados en circulación. Anual,Municipal,1988,13,050,2,27,837,0,13,0,2,13,948,0,0,130,Cifras Definitivas.
Vehículos de motor registrados en circulación. Anual,Municipal,1988,13,056,3,20,1189,0,34,2,12,18,636,0,0,16,Cifras Definitivas.
Vehículos de motor registrados en circulación. Anual,Municipal,1988,13,061,23,122,4337,10,124,17,0,58,1874,0,0,57,Cifras Definitivas.
Vehículos de motor registrados en circulación. Anual,Municipal,1988,13,063,12,115,1684,0,88,9,0,7,588,0,0,191,Cifras Definitivas.
Vehículos de motor registrados en circulación. Anual,Municipal,1988,13,067,2,23,506,0,0,0,10,12,287,0,0,56,Cifras Definitivas.
Vehículos de motor registrados en circulación. Anual,Municipal,1988,13,069,12,76,2004,10,106,11,0,11,400,0,0,53,Cifras Definitivas.
Vehículos de motor registrados en circulación. Anual,Municipal,1988,13,070,7,34,695,0,27,0,0,5,294,1,0,44,Cifras Definitivas.
Vehículos de motor registrados en circulación. Anual,Municipal,1988,13,076,0,154,3323,0,242,18,53,120,2088,0,0,107,Cifras Definitivas.
Vehículos de motor registrados en circulación. Anual,Municipal,1988,13,077,25,213,4953,2,361,26,29,50,3999,0,0,130,Cifras Definitivas.
Vehículos de motor registrados en circulación. Anual,Municipal,1988,13,084,2,44,958,0,42,0,20,34,1329,0,0,27,Cifras Definitivas.
Vehículos de motor registrados en circulación. Anual,Municipal,1988,13,999,46,742,5881,0,234,20,63,178,4705,0,0,605,Cifras Definitivas.
Vehículos de motor registrados en circulación. Anual,Municipal,1988,14,001,0,11,733,0,0,0,0,0,1007,0,0,99,Cifras Definitivas.
Vehículos de motor registrados en circulación. Anual,Municipal,1988,14,002,0,11,662,0,3,0,0,15,632,0,0,42,Cifras Definitivas.
Vehículos de motor registrados en circulación. Anual,Municipal,1988,14,006,0,71,1404,0,24,3,0,37,1503,0,0,321,Cifras Definitivas.
Vehículos de motor registrados en circulación. Anual,Municipal,1988,14,008,6,27,2034,0,12,0,0,2,3440,0,0,85,Cifras Definitivas.
Vehículos de motor registrados en circulación. Anual,Municipal,1988,14,013,0,25,1323,0,8,3,0,27,2154,0,0,203,Cifras Definitivas.
Vehículos de motor registrados en circulación. Anual,Municipal,1988,14,015,0,91,2395,0,22,17,0,54,2232,0,0,459,Cifras Definitivas.
Vehículos de motor registrados en circulación. Anual,Municipal,1988,14,018,0,54,2037,0,27,10,0,14,2825,0,0,109,Cifras Definitivas.
Vehículos de motor registrados en circulación. Anual,Municipal,1988,14,021,0,51,541,0,6,2,0,4,1106,0,0,136,Cifras Definitivas.
Vehículos de motor registrados en circulación. Anual,Municipal,1988,14,022,0,96,1128,0,3,3,0,43,1341,0,0,388,Cifras Definitivas.
Vehículos de motor registrados en circulación. Anual,Municipal,1988,14,023,0,93,5812,0,61,13,0,102,4221,0,0,1027,Cifras Definitivas.
Vehículos de motor registrados en circulación. Anual,Municipal,1988,14,024,0,41,583,0,11,0,0,5,1066,0,0,40,Cifras Definitivas.
Vehículos de motor registrados en circulación. Anual,Municipal,1988,14,030,0,43,1818,0,6,0,0,3,777,0,0,70,Cifras Definitivas.
Vehículos de motor registrados en circulación. Anual,Municipal,1988,14,035,1,17,858,0,4,0,7,0,1875,0,0,150,Cifras Definitivas.
Vehículos de motor registrados en circulación. Anual,Municipal,1988,14,037,0,33,951,0,3,0,0,5,1335,0,0,80,Cifras Definitivas.
Vehículos de motor registrados en circulación. Anual,Municipal,1988,14,039,2724,4872,284723,445,4563,613,942,4182,89956,0,0,4031,Cifras Definitivas.
Vehículos de motor registrados en circulación. Anual,Municipal,1988,14,043,4,64,771,0,2,0,6,12,1590,0,0,47,Cifras Definitivas.
Vehículos de motor registrados en circulación. Anual,Municipal,1988,14,050,0,32,835,0,3,0,0,1,1150,0,0,74,Cifras Definitivas.
Vehículos de motor registrados en circulación. Anual,Municipal,1988,14,053,0,63,3513,0,28,13,0,62,3109,0,0,1279,Cifras Definitivas.
Vehículos de motor registrados en circulación. Anual,Municipal,1988,14,058,0,17,430,0,4,0,0,17,996,0,0,120,Cifras Definitivas.
Vehículos de motor registrados en circulación. Anual,Municipal,1988,14,063,0,57,3968,0,25,12,0,0,2457,0,0,581,Cifras Definitivas.
Vehículos de motor registrados en circulación. Anual,Municipal,1988,14,067,71,2703,9396,13,113,16,53,367,4576,0,0,602,Cifras Definitivas.
Vehículos de motor registrados en circulación. Anual,Municipal,1988,14,070,0,33,1276,0,5,2,0,6,929,0,0,73,Cifras Definitivas.
Vehículos de motor registrados en circulación. Anual,Municipal,1988,14,073,0,75,1895,0,15,0,0,12,1920,0,0,250,Cifras Definitivas.
Vehículos de motor registrados en circulación. Anual,Municipal,1988,14,077,0,32,753,7,2,0,0,2,1874,0,0,47,Cifras Definitivas.
Vehículos de motor registrados en circulación. Anual,Municipal,1988,14,078,0,21,1164,0,2,0,0,0,1969,0,0,13,Cifras Definitivas.
Vehículos de motor registrados en circulación. Anual,Municipal,1988,14,082,0,33,863,0,15,0,0,34,880,0,0,70,Cifras Definitivas.
Vehículos de motor registrados en circulación. Anual,Municipal,1988,14,083,0,67,1432,0,23,10,0,5,2208,0,0,85,Cifras Definitivas.
Vehículos de motor registrados en circulación. Anual,Municipal,1988,14,085,1,67,1724,0,9,5,2,20,2157,0,0,170,Cifras Definitivas.
Vehículos de motor registrados en circulación. Anual,Municipal,1988,14,093,0,45,3806,0,44,8,0,13,3264,0,0,270,Cifras Definitivas.
Vehículos de motor registrados en circulación. Anual,Municipal,1988,14,094,0,54,1135,0,0,0,0,15,1426,0,0,91,Cifras Definitivas.
Vehículos de motor registrados en circulación. Anual,Municipal,1988,14,097,0,42,913,0,15,0,0,0,1484,0,0,316,Cifras Definitivas.
Vehículos de motor registrados en circulación. Anual,Municipal,1988,14,100,0,28,339,0,11,2,0,15,1071,0,0,105,Cifras Definitivas.
Vehículos de motor registrados en circulación. Anual,Municipal,1988,14,101,0,35,1926,0,0,0,0,16,2239,0,0,467,Cifras Definitivas.
Vehículos de motor registrados en circulación. Anual,Municipal,1988,14,108,0,44,1508,0,18,3,0,20,1345,0,0,252,Cifras Definitivas.
Vehículos de motor registrados en circulación. Anual,Municipal,1988,14,113,0,7,419,0,0,0,0,13,848,0,0,54,Cifras Definitivas.
Vehículos de motor registrados en circulación. Anual,Municipal,1988,14,114,0,10,1132,0,4,0,0,0,1113,0,0,116,Cifras Definitivas.
Vehículos de motor registrados en circulación. Anual,Municipal,1988,14,118,0,25,1013,0,3,0,0,0,1677,0,0,261,Cifras Definitivas.
Vehículos de motor registrados en circulación. Anual,Municipal,1988,14,122,0,16,2087,0,12,0,0,7,2333,0,0,67,Cifras Definitivas.
Vehículos de motor registrados en circulación. Anual,Municipal,1988,14,124,0,24,1802,0,7,4,0,1,3386,0,0,245,Cifras Definitivas.
Vehículos de motor registrados en circulación. Anual,Municipal,1988,14,999,5,480,12305,1,191,27,7,22,23050,0,0,1039,Cifras Definitivas.
Vehículos de motor registrados en circulación. Anual,Municipal,1988,15,009,0,57,1452,0,3,0,0,9,625,0,0,4,Cifras Definitivas.
Vehículos de motor registrados en circulación. Anual,Municipal,1988,15,013,12,292,26195,0,23,8,0,35,3656,0,0,106,Cifras Definitivas.
Vehículos de motor registrados en circulación. Anual,Municipal,1988,15,014,0,204,2410,0,19,1,0,340,3713,0,0,25,Cifras Definitivas.
Vehículos de motor registrados en circulación. Anual,Municipal,1988,15,020,0,191,10951,0,84,0,0,15,1286,0,0,59,Cifras Definitivas.
Vehículos de motor registrados en circulación. Anual,Municipal,1988,15,024,0,135,17386,0,211,19,0,263,5874,0,0,226,Cifras Definitivas.
Vehículos de motor registrados en circulación. Anual,Municipal,1988,15,025,0,200,8474,0,158,0,0,47,5182,0,0,411,Cifras Definitivas.
Vehículos de motor registrados en circulación. Anual,Municipal,1988,15,031,0,127,2014,0,20,0,0,0,952,0,0,14,Cifras Definitivas.
Vehículos de motor registrados en circulación. Anual,Municipal,1988,15,033,49,862,62347,0,406,37,0,118,19737,0,0,1083,Cifras Definitivas.
Vehículos de motor registrados en circulación. Anual,Municipal,1988,15,037,0,86,4210,0,7,0,0,16,860,0,0,11,Cifras Definitivas.
Vehículos de motor registrados en circulación. Anual,Municipal,1988,15,039,5,121,2898,0,36,0,0,17,1359,0,0,184,Cifras Definitivas.
Vehículos de motor registrados en circulación. Anual,Municipal,1988,15,042,0,120,1486,0,32,0,0,35,1376,0,0,7,Cifras Definitivas.
Vehículos de motor registrados en circulación. Anual,Municipal,1988,15,045,0,37,5137,0,13,0,0,330,2392,0,0,33,Cifras Definitivas.
Vehículos de motor registrados en circulación. Anual,Municipal,1988,15,051,0,68,1784,0,4,1,0,27,969,0,0,9,Cifras Definitivas.
Vehículos de motor registrados en circulación. Anual,Municipal,1988,15,054,0,224,6660,0,7,0,0,19,1761,0,0,54,Cifras Definitivas.
Vehículos de motor registrados en circulación. Anual,Municipal,1988,15,057,239,1501,107027,0,674,130,63,432,16374,15,0,1266,Cifras Definitivas.
Vehículos de motor registrados en circulación. Anual,Municipal,1988,15,058,0,1341,57680,0,1552,51,43,187,14448,0,0,2137,Cifras Definitivas.
Vehículos de motor registrados en circulación. Anual,Municipal,1988,15,060,0,93,5038,0,74,0,0,19,1531,0,0,15,Cifras Definitivas.
Vehículos de motor registrados en circulación. Anual,Municipal,1988,15,070,0,153,2667,0,5,0,0,7,1447,0,0,166,Cifras Definitivas.
Vehículos de motor registrados en circulación. Anual,Municipal,1988,15,076,0,119,1385,0,3,0,0,32,719,0,0,16,Cifras Definitivas.
Vehículos de motor registrados en circulación. Anual,Municipal,1988,15,081,0,44,3068,0,40,4,0,7,926,0,0,6,Cifras Definitivas.
Vehículos de motor registrados en circulación. Anual,Municipal,1988,15,088,0,112,2839,0,208,0,0,93,1490,0,0,95,Cifras Definitivas.
Vehículos de motor registrados en circulación. Anual,Municipal,1988,15,092,0,51,1673,0,1,0,0,4,668,0,0,3,Cifras Definitivas.
Vehículos de motor registrados en circulación. Anual,Municipal,1988,15,095,0,43,1945,0,13,3,0,5,697,0,0,8,Cifras Definitivas.
Vehículos de motor registrados en circulación. Anual,Municipal,1988,15,099,0,175,17644,0,227,19,0,244,6416,0,0,921,Cifras Definitivas.
Vehículos de motor registrados en circulación. Anual,Municipal,1988,15,104,50,768,65134,0,501,93,0,279,12438,0,0,964,Cifras Definitivas.
Vehículos de motor registrados en circulación. Anual,Municipal,1988,15,106,638,2745,75414,285,3054,442,334,640,21604,99,0,1591,Cifras Definitivas.
Vehículos de motor registrados en circulación. Anual,Municipal,1988,15,109,0,211,8059,0,58,5,0,35,1577,0,0,124,Cifras Definitivas.
Vehículos de motor registrados en circulación. Anual,Municipal,1988,15,110,0,60,2133,0,13,2,0,85,342,0,0,63,Cifras Definitivas.
Vehículos de motor registrados en circulación. Anual,Municipal,1988,15,118,0,104,1718,0,7,0,0,12,1207,0,0,5,Cifras Definitivas.
Vehículos de motor registrados en circulación. Anual,Municipal,1988,15,120,0,87,6247,0,162,2,0,226,2328,0,0,67,Cifras Definitivas.
Vehículos de motor registrados en circulación. Anual,Municipal,1988,15,121,0,119,19883,0,34,3,0,28,2348,0,0,13,Cifras Definitivas.
Vehículos de motor registrados en circulación. Anual,Municipal,1988,15,999,28,2640,24607,0,731,217,15,230,21209,0,0,506,Cifras Definitivas.
Vehículos de motor registrados en circulación. Anual,Municipal,1988,16,006,0,150,2595,0,132,0,0,78,4394,0,0,201,Cifras Definitivas.
Vehículos de motor registrados en circulación. Anual,Municipal,1988,16,009,0,42,748,0,10,0,0,0,1040,0,0,50,Cifras Definitivas.
Vehículos de motor registrados en circulación. Anual,Municipal,1988,16,011,0,0,1515,0,0,0,0,0,2072,0,0,63,Cifras Definitivas.
Vehículos de motor registrados en circulación. Anual,Municipal,1988,16,012,12,18,274,1,8,0,0,0,616,0,0,0,Cifras Definitivas.
Vehículos de motor registrados en circulación. Anual,Municipal,1988,16,019,3,24,785,0,55,0,0,0,1199,0,0,153,Cifras Definitivas.
Vehículos de motor registrados en circulación. Anual,Municipal,1988,16,034,0,47,2060,0,27,0,0,56,3016,0,0,61,Cifras Definitivas.
Vehículos de motor registrados en circulación. Anual,Municipal,1988,16,038,0,46,565,0,97,0,0,14,485,0,0,60,Cifras Definitivas.
Vehículos de motor registrados en circulación. Anual,Municipal,1988,16,043,0,0,3378,0,0,0,0,0,4375,0,0,818,Cifras Definitivas.
Vehículos de motor registrados en circulación. Anual,Municipal,1988,16,045,0,55,2265,0,10,0,0,7,2510,0,0,28,Cifras Definitivas.
Vehículos de motor registrados en circulación. Anual,Municipal,1988,16,050,0,35,633,0,16,0,0,0,1236,0,0,104,Cifras Definitivas.
Vehículos de motor registrados en circulación. Anual,Municipal,1988,16,052,37,157,3678,0,147,12,0,69,2836,0,0,126,Cifras Definitivas.
Vehículos de motor registrados en circulación. Anual,Municipal,1988,16,053,0,3539,33472,11,2495,51,19,2176,14505,11,0,1564,Cifras Definitivas.
Vehículos de motor registrados en circulación. Anual,Municipal,1988,16,055,0,68,652,0,15,0,0,17,764,0,0,115,Cifras Definitivas.
Vehículos de motor registrados en circulación. Anual,Municipal,1988,16,066,0,91,3756,0,27,0,0,23,2685,0,0,305,Cifras Definitivas.
Vehículos de motor registrados en circulación. Anual,Municipal,1988,16,069,9,207,6348,0,38,0,0,52,7093,0,0,101,Cifras Definitivas.
Vehículos de motor registrados en circulación. Anual,Municipal,1988,16,070,0,22,767,0,4,0,0,22,1322,0,0,1408,Cifras Definitivas.
Vehículos de motor registrados en circulación. Anual,Municipal,1988,16,071,0,48,2393,0,0,0,0,0,3707,0,0,164,Cifras Definitivas.
Vehículos de motor registrados en circulación. Anual,Municipal,1988,16,073,0,19,1569,0,6,0,0,0,1810,0,0,71,Cifras Definitivas.
Vehículos de motor registrados en circulación. Anual,Municipal,1988,16,075,12,36,1429,0,26,0,0,49,1688,0,0,56,Cifras Definitivas.
Vehículos de motor registrados en circulación. Anual,Municipal,1988,16,076,22,101,3020,0,99,0,0,52,3238,0,0,74,Cifras Definitivas.
Vehículos de motor registrados en circulación. Anual,Municipal,1988,16,082,0,85,1341,0,0,0,0,0,1347,0,0,48,Cifras Definitivas.
Vehículos de motor registrados en circulación. Anual,Municipal,1988,16,085,7,117,1714,0,20,0,5,36,1737,0,0,78,Cifras Definitivas.
Vehículos de motor registrados en circulación. Anual,Municipal,1988,16,086,0,27,939,0,0,0,0,0,875,0,0,27,Cifras Definitivas.
Vehículos de motor registrados en circulación. Anual,Municipal,1988,16,089,0,0,621,0,0,0,0,0,1445,0,0,36,Cifras Definitivas.
Vehículos de motor registrados en circulación. Anual,Municipal,1988,16,093,0,0,728,0,0,0,0,0,942,0,0,15,Cifras Definitivas.
Vehículos de motor registrados en circulación. Anual,Municipal,1988,16,098,0,21,1004,0,4,0,0,0,1905,0,0,76,Cifras Definitivas.
Vehículos de motor registrados en circulación. Anual,Municipal,1988,16,102,0,332,11713,0,190,0,0,0,7576,4,0,1436,Cifras Definitivas.
Vehículos de motor registrados en circulación. Anual,Municipal,1988,16,106,0,34,1140,0,11,0,0,0,1221,0,0,97,Cifras Definitivas.
Vehículos de motor registrados en circulación. Anual,Municipal,1988,16,107,16,71,2005,0,90,6,5,32,1979,0,0,192,Cifras Definitivas.
Vehículos de motor registrados en circulación. Anual,Municipal,1988,16,108,0,149,6580,0,39,0,0,14,4916,0,0,243,Cifras Definitivas.
Vehículos de motor registrados en circulación. Anual,Municipal,1988,16,110,0,5,1256,0,4,0,0,6,1354,0,0,218,Cifras Definitivas.
Vehículos de motor registrados en circulación. Anual,Municipal,1988,16,112,9,152,5582,0,12,6,0,31,4114,0,0,309,Cifras Definitivas.
Vehículos de motor registrados en circulación. Anual,Municipal,1988,16,999,12,359,6891,0,140,2,4,65,10689,10,0,1026,Cifras Definitivas.
Vehículos de motor registrados en circulación. Anual,Municipal,1988,17,001,0,20,435,0,3,0,0,0,305,0,0,10,Cifras Definitivas.
Vehículos de motor registrados en circulación. Anual,Municipal,1988,17,003,0,18,471,0,8,0,0,14,545,0,0,64,Cifras Definitivas.
Vehículos de motor registrados en circulación. Anual,Municipal,1988,17,004,0,44,782,0,14,0,0,5,568,0,0,47,Cifras Definitivas.
Vehículos de motor registrados en circulación. Anual,Municipal,1988,17,006,0,491,22189,0,382,20,3,348,8629,0,0,1700,Cifras Definitivas.
Vehículos de motor registrados en circulación. Anual,Municipal,1988,17,007,605,1080,63116,8,1785,309,434,501,27353,58,0,6035,Cifras Definitivas.
Vehículos de motor registrados en circulación. Anual,Municipal,1988,17,008,0,41,1019,0,3,0,0,9,976,0,0,31,Cifras Definitivas.
Vehículos de motor registrados en circulación. Anual,Municipal,1988,17,009,0,4,749,0,0,0,0,0,980,0,0,5,Cifras Definitivas.
Vehículos de motor registrados en circulación. Anual,Municipal,1988,17,011,0,393,6286,0,0,0,0,24,2611,0,0,189,Cifras Definitivas.
Vehículos de motor registrados en circulación. Anual,Municipal,1988,17,012,0,120,6961,0,16,0,0,125,2766,0,0,853,Cifras Definitivas.
Vehículos de motor registrados en circulación. Anual,Municipal,1988,17,017,0,47,1217,0,2,0,0,22,820,0,0,23,Cifras Definitivas.
Vehículos de motor registrados en circulación. Anual,Municipal,1988,17,018,0,92,2150,0,8,0,0,15,1194,0,0,177,Cifras Definitivas.
Vehículos de motor registrados en circulación. Anual,Municipal,1988,17,020,0,36,796,0,45,1,0,8,604,0,0,23,Cifras Definitivas.
Vehículos de motor registrados en circulación. Anual,Municipal,1988,17,024,0,13,675,0,4,0,0,7,412,0,0,29,Cifras Definitivas.
Vehículos de motor registrados en circulación. Anual,Municipal,1988,17,025,0,13,629,0,15,1,0,12,306,0,0,44,Cifras Definitivas.
Vehículos de motor registrados en circulación. Anual,Municipal,1988,17,028,0,43,682,0,5,0,0,13,484,0,0,29,Cifras Definitivas.
Vehículos de motor registrados en circulación. Anual,Municipal,1988,17,029,0,97,3776,0,7,3,0,70,1646,0,0,68,Cifras Definitivas.
Vehículos de motor registrados en circulación. Anual,Municipal,1988,17,030,0,73,332,0,5,0,0,2,341,0,0,41,Cifras Definitivas.
Vehículos de motor registrados en circulación. Anual,Municipal,1988,17,031,0,35,3518,0,164,18,0,49,1722,0,0,90,Cifras Definitivas.
Vehículos de motor registrados en circulación. Anual,Municipal,1988,17,999,0,297,3601,0,32,3,0,110,3508,0,0,117,Cifras Definitivas.
Vehículos de motor registrados en circulación. Anual,Municipal,1988,18,001,0,69,635,0,37,1,0,53,869,0,0,80,Cifras Definitivas.
Vehículos de motor registrados en circulación. Anual,Municipal,1988,18,002,0,30,405,0,0,0,0,21,635,0,0,50,Cifras Definitivas.
Vehículos de motor registrados en circulación. Anual,Municipal,1988,18,004,0,246,1424,0,28,12,0,199,2465,0,0,180,Cifras Definitivas.
Vehículos de motor registrados en circulación. Anual,Municipal,1988,18,006,0,30,917,0,30,2,0,29,802,0,0,65,Cifras Definitivas.
Vehículos de motor registrados en circulación. Anual,Municipal,1988,18,008,0,23,565,0,16,4,0,0,720,0,0,25,Cifras Definitivas.
Vehículos de motor registrados en circulación. Anual,Municipal,1988,18,010,0,45,494,0,2,0,0,0,660,0,0,78,Cifras Definitivas.
Vehículos de motor registrados en circulación. Anual,Municipal,1988,18,011,0,28,370,0,32,0,0,29,480,0,0,85,Cifras Definitivas.
Vehículos de motor registrados en circulación. Anual,Municipal,1988,18,012,0,65,487,0,2,0,0,21,1183,0,0,135,Cifras Definitivas.
Vehículos de motor registrados en circulación. Anual,Municipal,1988,18,015,0,72,1310,0,22,8,0,127,1890,0,0,245,Cifras Definitivas.
Vehículos de motor registrados en circulación. Anual,Municipal,1988,18,016,0,45,544,0,1,0,0,90,1138,0,0,160,Cifras Definitivas.
Vehículos de motor registrados en circulación. Anual,Municipal,1988,18,017,0,337,16600,0,187,55,0,400,14870,0,0,1600,Cifras Definitivas.
Vehículos de motor registrados en circulación. Anual,Municipal,1988,18,018,0,47,586,0,33,0,0,61,906,0,0,280,Cifras Definitivas.
Vehículos de motor registrados en circulación. Anual,Municipal,1988,18,999,0,115,1094,0,50,0,0,181,2610,0,0,168,Cifras Definitivas.
Vehículos de motor registrados en circulación. Anual,Municipal,1988,19,004,3,40,5020,2,25,3,9,58,3130,2,0,112,Cifras Definitivas.
Vehículos de motor registrados en circulación. Anual,Municipal,1988,19,005,4,60,1202,0,14,0,3,41,1403,0,0,44,Cifras Definitivas.
Vehículos de motor registrados en circulación. Anual,Municipal,1988,19,006,0,63,3180,0,210,9,3,87,2020,0,0,230,Cifras Definitivas.
Vehículos de motor registrados en circulación. Anual,Municipal,1988,19,009,3,37,1900,4,15,5,0,25,2329,0,0,45,Cifras Definitivas.
Vehículos de motor registrados en circulación. Anual,Municipal,1988,19,018,76,533,13742,0,79,0,0,102,2280,12,0,202,Cifras Definitivas.
Vehículos de motor registrados en circulación. Anual,Municipal,1988,19,021,0,112,1101,0,82,0,0,0,689,0,0,148,Cifras Definitivas.
Vehículos de motor registrados en circulación. Anual,Municipal,1988,19,022,0,22,771,0,17,0,0,12,882,0,0,55,Cifras Definitivas.
Vehículos de motor registrados en circulación. Anual,Municipal,1988,19,026,40,894,21597,0,218,25,0,141,8375,0,0,1872,Cifras Definitivas.
Vehículos de motor registrados en circulación. Anual,Municipal,1988,19,031,0,52,929,0,25,0,0,41,1566,0,0,296,Cifras Definitivas.
Vehículos de motor registrados en circulación. Anual,Municipal,1988,19,033,0,138,8694,0,128,0,0,22,3347,0,0,359,Cifras Definitivas.
Vehículos de motor registrados en circulación. Anual,Municipal,1988,19,038,14,37,2299,6,48,7,14,90,2611,0,0,101,Cifras Definitivas.
Vehículos de motor registrados en circulación. Anual,Municipal,1988,19,039,99,8303,170103,8,2472,106,17,2223,60149,0,0,5397,Cifras Definitivas.
Vehículos de motor registrados en circulación. Anual,Municipal,1988,19,044,8,69,1577,0,20,3,6,25,2142,0,0,23,Cifras Definitivas.
Vehículos de motor registrados en circulación. Anual,Municipal,1988,19,046,22,761,22064,0,147,27,0,80,7870,0,0,857,Cifras Definitivas.
Vehículos de motor registrados en circulación. Anual,Municipal,1988,19,048,0,164,6422,0,115,33,0,49,3876,0,0,511,Cifras Definitivas.
Vehículos de motor registrados en circulación. Anual,Municipal,1988,19,049,7,62,2506,0,61,5,6,38,1591,0,0,164,Cifras Definitivas.
Vehículos de motor registrados en circulación. Anual,Municipal,1988,19,999,31,278,8276,19,192,0,16,37,9021,0,0,698,Cifras Definitivas.
Vehículos de motor registrados en circulación. Anual,Municipal,1988,20,000,1081,3374,38194,33,1482,185,1102,2130,38724,53,0,5144,Cifras Definitivas.
Vehículos de motor registrados en circulación. Anual,Municipal,1988,20,01,1081,1050,17039,33,575,71,1078,756,12585,53,0,3097,Cifras Definitivas.
Vehículos de motor registrados en circulación. Anual,Municipal,1988,20,02,0,0,12,0,0,0,0,0,45,0,0,0,Cifras Definitivas.
Vehículos de motor registrados en circulación. Anual,Municipal,1988,20,03,0,15,80,0,3,0,0,4,192,0,0,13,Cifras Definitivas.
Vehículos de motor registrados en circulación. Anual,Municipal,1988,20,04,0,0,10,0,0,0,0,0,15,0,0,0,Cifras Definitivas.
Vehículos de motor registrados en circulación. Anual,Municipal,1988,20,05,0,12,182,0,0,0,0,14,421,0,0,40,Cifras Definitivas.
Vehículos de motor registrados en circulación. Anual,Municipal,1988,20,06,0,173,958,0,6,0,0,6,743,0,0,134,Cifras Definitivas.
Vehículos de motor registrados en circulación. Anual,Municipal,1988,20,07,0,10,172,0,5,0,0,5,246,0,0,19,Cifras Definitivas.
Vehículos de motor registrados en circulación. Anual,Municipal,1988,20,08,0,92,506,0,10,0,0,254,965,0,0,59,Cifras Definitivas.
Vehículos de motor registrados en circulación. Anual,Municipal,1988,20,09,0,660,5054,0,228,74,11,171,4047,0,0,323,Cifras Definitivas.
Vehículos de motor registrados en circulación. Anual,Municipal,1988,20,10,0,96,407,0,201,0,0,0,905,0,0,48,Cifras Definitivas.
Vehículos de motor registrados en circulación. Anual,Municipal,1988,20,11,0,11,160,0,0,0,0,86,410,0,0,15,Cifras Definitivas.
Vehículos de motor registrados en circulación. Anual,Municipal,1988,20,12,0,22,354,0,0,0,12,22,735,0,0,59,Cifras Definitivas.
Vehículos de motor registrados en circulación. Anual,Municipal,1988,20,13,0,20,13,0,0,0,0,10,76,0,0,6,Cifras Definitivas.
Vehículos de motor registrados en circulación. Anual,Municipal,1988,20,14,0,42,370,0,0,0,1,118,976,0,0,64,Cifras Definitivas.
Vehículos de motor registrados en circulación. Anual,Municipal,1988,20,15,0,96,1429,0,0,0,0,49,1811,0,0,176,Cifras Definitivas.
Vehículos de motor registrados en circulación. Anual,Municipal,1988,20,16,0,317,2323,0,71,0,0,94,3161,0,0,203,Cifras Definitivas.
Vehículos de motor registrados en circulación. Anual,Municipal,1988,20,17,0,78,431,0,50,0,0,27,419,0,0,17,Cifras Definitivas.
Vehículos de motor registrados en circulación. Anual,Municipal,1988,20,18,0,8,146,0,13,0,0,62,562,0,0,16,Cifras Definitivas.
Vehículos de motor registrados en circulación. Anual,Municipal,1988,20,19,0,0,33,0,0,0,0,0,130,0,0,1,Cifras Definitivas.
Vehículos de motor registrados en circulación. Anual,Municipal,1988,20,20,0,0,25,0,0,0,0,0,20,0,0,1,Cifras Definitivas.
Vehículos de motor registrados en circulación. Anual,Municipal,1988,20,21,0,18,210,0,16,0,0,10,633,0,0,79,Cifras Definitivas.
Vehículos de motor registrados en circulación. Anual,Municipal,1988,20,22,0,22,340,0,74,0,0,0,664,0,0,24,Cifras Definitivas.
Vehículos de motor registrados en circulación. Anual,Municipal,1988,20,23,0,85,681,0,10,0,0,34,1309,0,0,15,Cifras Definitivas.
Vehículos de motor registrados en circulación. Anual,Municipal,1988,20,24,0,6,381,0,72,0,0,16,817,0,0,34,Cifras Definitivas.
Vehículos de motor registrados en circulación. Anual,Municipal,1988,20,25,0,156,1609,0,26,5,0,78,1918,0,0,153,Cifras Definitivas.
Vehículos de motor registrados en circulación. Anual,Municipal,1988,20,26,0,295,2918,0,105,35,0,302,2644,0,0,352,Cifras Definitivas.
Vehículos de motor registrados en circulación. Anual,Municipal,1988,20,27,0,0,7,0,0,0,0,0,22,0,0,0,Cifras Definitivas.
Vehículos de motor registrados en circulación. Anual,Municipal,1988,20,28,0,0,17,0,0,0,0,0,135,0,0,0,Cifras Definitivas.
Vehículos de motor registrados en circulación. Anual,Municipal,1988,20,29,0,40,869,0,15,0,0,9,681,0,0,135,Cifras Definitivas.
Vehículos de motor registrados en circulación. Anual,Municipal,1988,20,30,0,50,1458,0,2,0,0,3,1437,0,0,61,Cifras Definitivas.
Vehículos de motor registrados en circulación. Anual,Municipal,1988,21,003,0,34,762,0,8,0,0,0,976,0,0,6,Cifras Definitivas.
Vehículos de motor registrados en circulación. Anual,Municipal,1988,21,004,0,21,420,0,0,0,0,0,552,0,0,5,Cifras Definitivas.
Vehículos de motor registrados en circulación. Anual,Municipal,1988,21,015,0,45,2294,0,5,0,0,35,2322,0,0,54,Cifras Definitivas.
Vehículos de motor registrados en circulación. Anual,Municipal,1988,21,019,18,204,4990,0,57,0,0,93,3979,0,0,192,Cifras Definitivas.
Vehículos de motor registrados en circulación. Anual,Municipal,1988,21,045,0,49,1855,0,4,0,0,18,2598,0,0,90,Cifras Definitivas.
Vehículos de motor registrados en circulación. Anual,Municipal,1988,21,047,0,5,202,0,26,0,0,0,335,0,0,15,Cifras Definitivas.
Vehículos de motor registrados en circulación. Anual,Municipal,1988,21,051,0,12,415,0,13,0,0,31,428,0,0,17,Cifras Definitivas.
Vehículos de motor registrados en circulación. Anual,Municipal,1988,21,053,0,17,534,0,30,0,0,12,501,0,0,6,Cifras Definitivas.
Vehículos de motor registrados en circulación. Anual,Municipal,1988,21,067,0,15,350,0,0,0,0,0,721,0,0,3,Cifras Definitivas.
Vehículos de motor registrados en circulación. Anual,Municipal,1988,21,071,0,76,2104,0,23,1,0,20,1179,0,0,14,Cifras Definitivas.
Vehículos de motor registrados en circulación. Anual,Municipal,1988,21,074,0,25,1426,0,14,0,0,4,2477,0,0,32,Cifras Definitivas.
Vehículos de motor registrados en circulación. Anual,Municipal,1988,21,085,0,41,1631,0,7,2,0,0,3245,0,0,35,Cifras Definitivas.
Vehículos de motor registrados en circulación. Anual,Municipal,1988,21,094,0,75,1150,0,6,3,0,0,1783,0,0,12,Cifras Definitivas.
Vehículos de motor registrados en circulación. Anual,Municipal,1988,21,114,146,3142,141350,32,2928,311,15,1370,44850,0,0,8960,Cifras Definitivas.
Vehículos de motor registrados en circulación. Anual,Municipal,1988,21,117,0,36,431,0,7,0,0,0,663,0,0,0,Cifras Definitivas.
Vehículos de motor registrados en circulación. Anual,Municipal,1988,21,132,17,196,3632,0,134,7,0,23,3066,0,0,302,Cifras Definitivas.
Vehículos de motor registrados en circulación. Anual,Municipal,1988,21,140,0,45,3122,0,48,7,0,175,3882,0,0,370,Cifras Definitivas.
Vehículos de motor registrados en circulación. Anual,Municipal,1988,21,154,0,56,1116,0,15,0,0,0,1233,0,0,179,Cifras Definitivas.
Vehículos de motor registrados en circulación. Anual,Municipal,1988,21,156,63,305,13724,0,140,0,10,80,10439,0,0,775,Cifras Definitivas.
Vehículos de motor registrados en circulación. Anual,Municipal,1988,21,164,0,80,1218,0,11,3,0,8,1707,0,0,16,Cifras Definitivas.
Vehículos de motor registrados en circulación. Anual,Municipal,1988,21,169,0,5,214,0,0,0,0,6,542,0,0,0,Cifras Definitivas.
Vehículos de motor registrados en circulación. Anual,Municipal,1988,21,172,0,6,241,0,0,0,0,0,194,0,0,15,Cifras Definitivas.
Vehículos de motor registrados en circulación. Anual,Municipal,1988,21,174,0,196,5052,0,37,1,0,51,2582,0,0,55,Cifras Definitivas.
Vehículos de motor registrados en circulación. Anual,Municipal,1988,21,186,0,121,866,0,8,1,0,6,746,0,0,16,Cifras Definitivas.
Vehículos de motor registrados en circulación. Anual,Municipal,1988,21,197,0,37,869,0,5,5,0,15,1012,0,0,14,Cifras Definitivas.
Vehículos de motor registrados en circulación. Anual,Municipal,1988,21,207,17,83,818,0,9,0,12,17,510,0,0,8,Cifras Definitivas.
Vehículos de motor registrados en circulación. Anual,Municipal,1988,21,208,0,30,664,0,5,0,0,12,659,0,0,18,Cifras Definitivas.
Vehículos de motor registrados en circulación. Anual,Municipal,1988,22,004,0,54,1716,0,9,0,0,11,2164,0,0,55,Cifras Definitivas.
Vehículos de motor registrados en circulación. Anual,Municipal,1988,22,006,0,44,1315,0,8,0,0,27,714,0,0,242,Cifras Definitivas.
Vehículos de motor registrados en circulación. Anual,Municipal,1988,22,009,2,39,423,0,7,0,1,9,542,0,0,28,Cifras Definitivas.
Vehículos de motor registrados en circulación. Anual,Municipal,1988,22,014,437,704,30643,17,407,81,135,730,11673,0,45,1085,Cifras Definitivas.
Vehículos de motor registrados en circulación. Anual,Municipal,1988,22,016,0,145,5175,0,46,22,0,168,3592,0,0,389,Cifras Definitivas.
Vehículos de motor registrados en circulación. Anual,Municipal,1988,22,017,0,45,1076,0,9,0,0,34,514,0,0,66,Cifras Definitivas.
Vehículos de motor registrados en circulación. Anual,Municipal,1988,23,001,0,587,1773,0,12,10,0,195,926,0,297,710,Cifras Definitivas.
Vehículos de motor registrados en circulación. Anual,Municipal,1988,23,002,0,54,552,0,5,1,0,133,445,0,0,108,Cifras Definitivas.
Vehículos de motor registrados en circulación. Anual,Municipal,1988,23,003,2,54,306,0,9,0,0,8,103,2,61,152,Cifras Definitivas.
Vehículos de motor registrados en circulación. Anual,Municipal,1988,23,004,365,386,7488,12,35,11,332,500,5326,45,0,1057,Cifras Definitivas.
Vehículos de motor registrados en circulación. Anual,Municipal,1988,23,005,0,553,5682,0,95,0,0,474,1354,0,91,405,Cifras Definitivas.
Vehículos de motor registrados en circulación. Anual,Municipal,1988,23,006,7,71,422,0,76,0,0,28,378,0,0,65,Cifras Definitivas.
Vehículos de motor registrados en circulación. Anual,Municipal,1988,23,007,0,101,499,0,0,0,0,58,357,0,0,22,Cifras Definitivas.
Vehículos de motor registrados en circulación. Anual,Municipal,1988,24,005,0,0,270,0,28,0,0,37,384,0,0,96,Cifras Definitivas.
Vehículos de motor registrados en circulación. Anual,Municipal,1988,24,010,0,27,390,0,6,0,0,5,1037,0,0,92,Cifras Definitivas.
Vehículos de motor registrados en circulación. Anual,Municipal,1988,24,012,0,47,931,0,6,0,0,9,1036,0,0,57,Cifras Definitivas.
Vehículos de motor registrados en circulación. Anual,Municipal,1988,24,013,0,156,3623,0,92,0,0,94,3366,0,0,375,Cifras Definitivas.
Vehículos de motor registrados en circulación. Anual,Municipal,1988,24,016,0,51,429,0,19,0,0,22,1402,0,0,60,Cifras Definitivas.
Vehículos de motor registrados en circulación. Anual,Municipal,1988,24,017,0,0,701,0,5,0,0,0,1032,0,0,114,Cifras Definitivas.
Vehículos de motor registrados en circulación. Anual,Municipal,1988,24,020,0,172,1844,0,61,0,0,114,1863,0,0,469,Cifras Definitivas.
Vehículos de motor registrados en circulación. Anual,Municipal,1988,24,024,0,50,1105,0,23,0,0,55,1130,0,0,386,Cifras Definitivas.
Vehículos de motor registrados en circulación. Anual,Municipal,1988,24,025,0,14,549,0,0,0,0,0,550,0,0,207,Cifras Definitivas.
Vehículos de motor registrados en circulación. Anual,Municipal,1988,24,028,382,582,40753,0,490,135,38,527,17070,0,0,6615,Cifras Definitivas.
Vehículos de motor registrados en circulación. Anual,Municipal,1988,24,032,0,60,1576,0,12,0,0,6,1707,0,0,96,Cifras Definitivas.
Vehículos de motor registrados en circulación. Anual,Municipal,1988,24,035,0,16,1462,0,10,0,0,8,2190,0,0,563,Cifras Definitivas.
Vehículos de motor registrados en circulación. Anual,Municipal,1988,24,037,0,62,1968,0,9,0,0,0,2320,0,0,48,Cifras Definitivas.
Vehículos de motor registrados en circulación. Anual,Municipal,1988,24,040,0,17,510,0,22,0,0,15,668,0,0,47,Cifras Definitivas.
Vehículos de motor registrados en circulación. Anual,Municipal,1988,24,045,0,33,785,0,9,0,0,16,1272,0,0,153,Cifras Definitivas.
Vehículos de motor registrados en circulación. Anual,Municipal,1988,24,046,0,18,1287,0,0,0,0,6,190,0,0,44,Cifras Definitivas.
Vehículos de motor registrados en circulación. Anual,Municipal,1988,24,050,0,10,481,0,5,0,0,8,662,0,0,86,Cifras Definitivas.
Vehículos de motor registrados en circulación. Anual,Municipal,1988,24,999,0,52,4716,0,75,0,0,168,5381,0,0,750,Cifras Definitivas.
Vehículos de motor registrados en circulación. Anual,Municipal,1988,25,001,0,206,15743,0,393,58,0,722,18947,0,0,1354,Cifras Definitivas.
Vehículos de motor registrados en circulación. Anual,Municipal,1988,25,002,0,37,1707,0,8,7,0,0,3344,0,0,243,Cifras Definitivas.
Vehículos de motor registrados en circulación. Anual,Municipal,1988,25,006,248,1008,32167,26,1026,124,192,1867,30370,0,0,2129,Cifras Definitivas.
Vehículos de motor registrados en circulación. Anual,Municipal,1988,25,009,0,51,2148,0,32,8,0,17,2399,0,0,117,Cifras Definitivas.
Vehículos de motor registrados en circulación. Anual,Municipal,1988,25,010,0,62,2358,0,34,9,0,329,4368,0,0,240,Cifras Definitivas.
Vehículos de motor registrados en circulación. Anual,Municipal,1988,25,011,0,253,8862,0,186,72,0,1004,14195,0,0,1352,Cifras Definitivas.
Vehículos de motor registrados en circulación. Anual,Municipal,1988,25,012,9,830,18031,0,487,22,0,294,15183,0,0,1110,Cifras Definitivas.
Vehículos de motor registrados en circulación. Anual,Municipal,1988,25,013,0,27,992,0,7,3,0,6,2495,0,0,156,Cifras Definitivas.
Vehículos de motor registrados en circulación. Anual,Municipal,1988,25,014,0,56,951,0,28,0,0,33,1631,0,0,164,Cifras Definitivas.
Vehículos de motor registrados en circulación. Anual,Municipal,1988,25,015,0,107,4361,0,116,7,0,491,5322,0,0,304,Cifras Definitivas.
Vehículos de motor registrados en circulación. Anual,Municipal,1988,25,017,0,28,1409,0,12,9,0,264,4505,0,0,299,Cifras Definitivas.
Vehículos de motor registrados en circulación. Anual,Municipal,1988,25,999,0,83,6939,0,50,7,0,352,11760,0,0,1594,Cifras Definitivas.
Vehículos de motor registrados en circulación. Anual,Municipal,1988,26,002,0,24,3899,0,14,0,0,109,4206,0,0,8,Cifras Definitivas.
Vehículos de motor registrados en circulación. Anual,Municipal,1988,26,017,72,95,5210,6,49,18,58,210,7882,6,0,127,Cifras Definitivas.
Vehículos de motor registrados en circulación. Anual,Municipal,1988,26,018,75,354,17104,2,375,32,85,626,15279,32,0,1996,Cifras Definitivas.
Vehículos de motor registrados en circulación. Anual,Municipal,1988,26,019,0,65,3197,0,7,0,0,51,2793,0,0,7,Cifras Definitivas.
Vehículos de motor registrados en circulación. Anual,Municipal,1988,26,025,13,134,1609,0,36,0,0,37,1586,0,0,142,Cifras Definitivas.
Vehículos de motor registrados en circulación. Anual,Municipal,1988,26,026,7,81,1178,0,55,0,23,414,1260,0,0,244,Cifras Definitivas.
Vehículos de motor registrados en circulación. Anual,Municipal,1988,26,029,17,223,7295,28,239,18,32,124,5124,5,12,441,Cifras Definitivas.
Vehículos de motor registrados en circulación. Anual,Municipal,1988,26,030,184,506,33289,0,571,89,241,1086,26185,27,0,3756,Cifras Definitivas.
Vehículos de motor registrados en circulación. Anual,Municipal,1988,26,033,4,91,2923,0,69,5,17,208,3702,0,0,222,Cifras Definitivas.
Vehículos de motor registrados en circulación. Anual,Municipal,1988,26,036,0,38,1755,0,8,0,0,50,2363,0,0,14,Cifras Definitivas.
Vehículos de motor registrados en circulación. Anual,Municipal,1988,26,041,0,18,688,0,46,0,0,72,1370,0,0,12,Cifras Definitivas.
Vehículos de motor registrados en circulación. Anual,Municipal,1988,26,042,59,206,5514,0,85,21,158,293,5636,14,0,598,Cifras Definitivas.
Vehículos de motor registrados en circulación. Anual,Municipal,1988,26,043,0,284,13794,0,99,0,27,106,8251,2,0,120,Cifras Definitivas.
Vehículos de motor registrados en circulación. Anual,Municipal,1988,26,048,19,55,4101,3,21,0,12,51,1032,0,0,34,Cifras Definitivas.
Vehículos de motor registrados en circulación. Anual,Municipal,1988,26,055,41,137,11364,22,82,13,28,148,8502,8,0,70,Cifras Definitivas.
Vehículos de motor registrados en circulación. Anual,Municipal,1988,26,058,10,33,1094,0,12,0,7,53,1355,0,0,32,Cifras Definitivas.
Vehículos de motor registrados en circulación. Anual,Municipal,1988,26,999,73,288,9778,3,172,27,96,506,11408,0,0,615,Cifras Definitivas.
Vehículos de motor registrados en circulación. Anual,Municipal,1988,27,001,30,44,218,13,12,1,56,128,548,0,0,58,Cifras Definitivas.
Vehículos de motor registrados en circulación. Anual,Municipal,1988,27,002,51,80,3517,3,72,14,7,266,3974,0,0,1280,Cifras Definitivas.
Vehículos de motor registrados en circulación. Anual,Municipal,1988,27,004,1014,711,32370,374,915,40,337,282,11736,0,0,1459,Cifras Definitivas.
Vehículos de motor registrados en circulación. Anual,Municipal,1988,27,005,0,61,2967,0,178,13,0,189,2286,0,0,125,Cifras Definitivas.
Vehículos de motor registrados en circulación. Anual,Municipal,1988,27,006,0,34,781,0,30,9,0,186,861,0,0,109,Cifras Definitivas.
Vehículos de motor registrados en circulación. Anual,Municipal,1988,27,007,0,24,700,0,5,0,6,44,762,0,0,27,Cifras Definitivas.
Vehículos de motor registrados en circulación. Anual,Municipal,1988,27,008,66,94,573,2,73,2,0,203,802,0,0,52,Cifras Definitivas.
Vehículos de motor registrados en circulación. Anual,Municipal,1988,27,012,185,107,1853,11,89,9,225,200,1674,0,0,108,Cifras Definitivas.
Vehículos de motor registrados en circulación. Anual,Municipal,1988,27,016,15,38,1235,0,13,0,0,127,1277,0,0,55,Cifras Definitivas.
Vehículos de motor registrados en circulación. Anual,Municipal,1988,27,017,1,24,661,0,13,4,8,40,761,0,0,46,Cifras Definitivas.
Vehículos de motor registrados en circulación. Anual,Municipal,1988,27,999,23,120,2965,10,124,5,47,272,2348,0,0,361,Cifras Definitivas.
Vehículos de motor registrados en circulación. Anual,Municipal,1988,28,002,0,21,1451,0,14,0,2,18,1467,0,0,65,Cifras Definitivas.
Vehículos de motor registrados en circulación. Anual,Municipal,1988,28,003,0,494,4647,0,0,0,0,187,2884,0,0,345,Cifras Definitivas.
Vehículos de motor registrados en circulación. Anual,Municipal,1988,28,007,0,19,1492,0,0,0,0,0,1538,0,0,11,Cifras Definitivas.
Vehículos de motor registrados en circulación. Anual,Municipal,1988,28,009,0,1854,17296,0,46,0,0,300,8020,0,0,542,Cifras Definitivas.
Vehículos de motor registrados en circulación. Anual,Municipal,1988,28,012,0,21,1114,0,0,0,0,65,1701,0,0,217,Cifras Definitivas.
Vehículos de motor registrados en circulación. Anual,Municipal,1988,28,014,0,9,2596,0,0,0,0,0,1334,0,0,0,Cifras Definitivas.
Vehículos de motor registrados en circulación. Anual,Municipal,1988,28,015,0,21,3187,0,16,0,0,0,2800,0,1,50,Cifras Definitivas.
Vehículos de motor registrados en circulación. Anual,Municipal,1988,28,021,0,66,5921,0,114,11,0,139,4705,0,0,1063,Cifras Definitivas.
Vehículos de motor registrados en circulación. Anual,Municipal,1988,28,022,0,254,28886,0,219,8,0,179,12817,0,0,141,Cifras Definitivas.
Vehículos de motor registrados en circulación. Anual,Municipal,1988,28,024,0,10,1780,0,0,0,0,0,963,0,0,0,Cifras Definitivas.
Vehículos de motor registrados en circulación. Anual,Municipal,1988,28,025,20,36,13065,0,9,0,0,0,5133,0,0,53,Cifras Definitivas.
Vehículos de motor registrados en circulación. Anual,Municipal,1988,28,027,0,128,24819,0,125,17,0,329,14800,0,14,153,Cifras Definitivas.
Vehículos de motor registrados en circulación. Anual,Municipal,1988,28,032,0,1261,69893,7,1155,14,0,101,34667,0,0,914,Cifras Definitivas.
Vehículos de motor registrados en circulación. Anual,Municipal,1988,28,033,0,31,7678,0,23,12,0,55,8708,0,0,96,Cifras Definitivas.
Vehículos de motor registrados en circulación. Anual,Municipal,1988,28,035,0,21,620,0,0,0,0,0,1719,0,0,19,Cifras Definitivas.
Vehículos de motor registrados en circulación. Anual,Municipal,1988,28,037,0,41,1031,0,0,0,0,135,2318,0,0,50,Cifras Definitivas.
Vehículos de motor registrados en circulación. Anual,Municipal,1988,28,038,0,3297,15597,0,207,13,0,199,9864,0,0,2102,Cifras Definitivas.
Vehículos de motor registrados en circulación. Anual,Municipal,1988,28,040,12,32,1623,0,0,0,0,94,2302,6,0,3,Cifras Definitivas.
Vehículos de motor registrados en circulación. Anual,Municipal,1988,28,041,273,123,11334,0,95,0,160,158,9475,0,0,1537,Cifras Definitivas.
Vehículos de motor registrados en circulación. Anual,Municipal,1988,28,043,0,13,1277,0,3,2,0,3,1624,0,0,195,Cifras Definitivas.
Vehículos de motor registrados en circulación. Anual,Municipal,1988,28,999,9,246,8464,5,38,5,0,94,7224,0,0,897,Cifras Definitivas.
Vehículos de motor registrados en circulación. Anual,Municipal,1988,29,005,0,108,2362,0,132,8,0,41,1307,0,0,71,Cifras Definitivas.
Vehículos de motor registrados en circulación. Anual,Municipal,1988,29,006,0,64,1170,0,70,0,0,22,791,0,0,42,Cifras Definitivas.
Vehículos de motor registrados en circulación. Anual,Municipal,1988,29,010,0,98,1991,0,97,4,0,42,1216,0,0,74,Cifras Definitivas.
Vehículos de motor registrados en circulación. Anual,Municipal,1988,29,013,0,105,1616,0,34,3,0,39,1416,0,0,68,Cifras Definitivas.
Vehículos de motor registrados en circulación. Anual,Municipal,1988,29,023,0,38,937,0,43,0,0,20,602,0,0,28,Cifras Definitivas.
Vehículos de motor registrados en circulación. Anual,Municipal,1988,29,025,0,35,660,0,71,0,0,33,704,0,0,58,Cifras Definitivas.
Vehículos de motor registrados en circulación. Anual,Municipal,1988,29,026,0,30,454,0,19,0,0,10,353,0,0,14,Cifras Definitivas.
Vehículos de motor registrados en circulación. Anual,Municipal,1988,29,032,0,39,498,0,25,0,0,13,434,0,0,21,Cifras Definitivas.
Vehículos de motor registrados en circulación. Anual,Municipal,1988,29,033,45,146,5760,0,252,19,33,112,3273,0,0,99,Cifras Definitivas.
Vehículos de motor registrados en circulación. Anual,Municipal,1988,29,034,0,54,622,0,25,0,0,22,547,0,0,35,Cifras Definitivas.
Vehículos de motor registrados en circulación. Anual,Municipal,1988,29,041,0,46,434,0,19,0,0,16,409,0,0,21,Cifras Definitivas.
Vehículos de motor registrados en circulación. Anual,Municipal,1988,29,044,0,100,827,0,30,0,0,29,687,0,0,48,Cifras Definitivas.
Vehículos de motor registrados en circulación. Anual,Municipal,1988,29,999,0,551,6152,0,365,2,0,233,8053,0,0,459,Cifras Definitivas.
Vehículos de motor registrados en circulación. Anual,Municipal,1988,30,003,9,91,2645,0,89,1,7,71,2567,0,0,64,Cifras Definitivas.
Vehículos de motor registrados en circulación. Anual,Municipal,1988,30,010,1,28,784,0,12,0,0,8,513,0,0,7,Cifras Definitivas.
Vehículos de motor registrados en circulación. Anual,Municipal,1988,30,011,0,61,681,0,12,0,0,38,644,0,0,11,Cifras Definitivas.
Vehículos de motor registrados en circulación. Anual,Municipal,1988,30,013,0,126,1096,0,14,0,0,11,1462,0,0,70,Cifras Definitivas.
Vehículos de motor registrados en circulación. Anual,Municipal,1988,30,014,0,7,476,0,0,0,0,0,804,0,0,12,Cifras Definitivas.
Vehículos de motor registrados en circulación. Anual,Municipal,1988,30,016,0,74,443,0,35,10,0,7,408,0,0,95,Cifras Definitivas.
Vehículos de motor registrados en circulación. Anual,Municipal,1988,30,028,0,87,3531,0,16,1,0,11,2426,0,0,252,Cifras Definitivas.
Vehículos de motor registrados en circulación. Anual,Municipal,1988,30,030,0,64,3129,0,8,2,0,2,2040,0,0,189,Cifras Definitivas.
Vehículos de motor registrados en circulación. Anual,Municipal,1988,30,032,0,49,454,0,7,0,0,51,608,0,0,47,Cifras Definitivas.
Vehículos de motor registrados en circulación. Anual,Municipal,1988,30,034,0,110,1900,0,5,0,0,34,1365,0,0,74,Cifras Definitivas.
Vehículos de motor registrados en circulación. Anual,Municipal,1988,30,038,0,100,3849,0,71,0,0,60,3600,0,0,125,Cifras Definitivas.
Vehículos de motor registrados en circulación. Anual,Municipal,1988,30,039,14,591,23779,0,304,45,0,238,16740,0,0,979,Cifras Definitivas.
Vehículos de motor registrados en circulación. Anual,Municipal,1988,30,040,0,19,690,0,0,0,0,21,445,0,0,40,Cifras Definitivas.
Vehículos de motor registrados en circulación. Anual,Municipal,1988,30,044,0,316,5264,0,90,8,0,79,3691,0,0,152,Cifras Definitivas.
Vehículos de motor registrados en circulación. Anual,Municipal,1988,30,045,0,141,2313,0,22,5,0,59,2261,0,0,448,Cifras Definitivas.
Vehículos de motor registrados en circulación. Anual,Municipal,1988,30,048,0,124,1320,0,26,0,0,48,1020,0,0,30,Cifras Definitivas.
Vehículos de motor registrados en circulación. Anual,Municipal,1988,30,061,0,90,2573,0,36,4,0,27,2662,0,0,149,Cifras Definitivas.
Vehículos de motor registrados en circulación. Anual,Municipal,1988,30,068,0,48,2440,0,4,0,0,9,1460,0,0,125,Cifras Definitivas.
Vehículos de motor registrados en circulación. Anual,Municipal,1988,30,069,0,53,606,0,2,0,0,7,868,0,0,16,Cifras Definitivas.
Vehículos de motor registrados en circulación. Anual,Municipal,1988,30,071,0,141,2427,0,47,0,0,18,2106,0,0,29,Cifras Definitivas.
Vehículos de motor registrados en circulación. Anual,Municipal,1988,30,073,0,64,476,0,13,0,0,37,671,0,0,27,Cifras Definitivas.
Vehículos de motor registrados en circulación. Anual,Municipal,1988,30,077,0,45,815,0,13,3,0,26,2045,0,0,46,Cifras Definitivas.
Vehículos de motor registrados en circulación. Anual,Municipal,1988,30,082,0,110,1199,0,42,0,0,23,1679,0,0,51,Cifras Definitivas.
Vehículos de motor registrados en circulación. Anual,Municipal,1988,30,087,0,871,27379,0,333,85,0,320,11680,0,0,1925,Cifras Definitivas.
Vehículos de motor registrados en circulación. Anual,Municipal,1988,30,089,0,94,1735,0,31,0,0,26,1707,0,0,20,Cifras Definitivas.
Vehículos de motor registrados en circulación. Anual,Municipal,1988,30,097,0,92,936,0,26,0,0,29,1950,0,0,241,Cifras Definitivas.
Vehículos de motor registrados en circulación. Anual,Municipal,1988,30,102,0,191,3149,0,38,2,0,20,3550,0,0,72,Cifras Definitivas.
Vehículos de motor registrados en circulación. Anual,Municipal,1988,30,108,23,507,13007,0,345,41,0,377,8534,0,0,564,Cifras Definitivas.
Vehículos de motor registrados en circulación. Anual,Municipal,1988,30,118,0,374,6185,0,112,9,0,138,2942,0,0,253,Cifras Definitivas.
Vehículos de motor registrados en circulación. Anual,Municipal,1988,30,123,0,77,1950,0,12,5,0,9,2129,0,0,151,Cifras Definitivas.
Vehículos de motor registrados en circulación. Anual,Municipal,1988,30,124,0,145,2319,0,51,0,0,78,2096,0,0,114,Cifras Definitivas.
Vehículos de motor registrados en circulación. Anual,Municipal,1988,30,126,0,38,642,0,8,0,0,7,954,0,0,32,Cifras Definitivas.
Vehículos de motor registrados en circulación. Anual,Municipal,1988,30,128,0,122,4419,0,32,8,0,108,7097,0,0,362,Cifras Definitivas.
Vehículos de motor registrados en circulación. Anual,Municipal,1988,30,131,0,428,12989,0,205,6,0,112,8947,0,0,475,Cifras Definitivas.
Vehículos de motor registrados en circulación. Anual,Municipal,1988,30,133,0,71,3855,0,16,0,0,9,1749,0,0,262,Cifras Definitivas.
Vehículos de motor registrados en circulación. Anual,Municipal,1988,30,138,0,49,3292,0,15,0,0,11,1634,0,0,315,Cifras Definitivas.
Vehículos de motor registrados en circulación. Anual,Municipal,1988,30,141,0,180,1686,0,29,5,0,79,1523,0,0,66,Cifras Definitivas.
Vehículos de motor registrados en circulación. Anual,Municipal,1988,30,148,0,15,3107,0,10,0,0,0,3415,0,0,63,Cifras Definitivas.
Vehículos de motor registrados en circulación. Anual,Municipal,1988,30,152,0,21,562,0,5,0,0,13,985,0,0,56,Cifras Definitivas.
Vehículos de motor registrados en circulación. Anual,Municipal,1988,30,155,0,97,1033,0,14,0,0,15,1124,0,0,26,Cifras Definitivas.
Vehículos de motor registrados en circulación. Anual,Municipal,1988,30,160,0,106,1267,0,34,4,0,30,1325,0,0,138,Cifras Definitivas.
Vehículos de motor registrados en circulación. Anual,Municipal,1988,30,161,0,42,900,0,9,0,0,0,1013,0,0,67,Cifras Definitivas.
Vehículos de motor registrados en circulación. Anual,Municipal,1988,30,174,0,134,1569,0,14,0,0,41,2263,0,0,189,Cifras Definitivas.
Vehículos de motor registrados en circulación. Anual,Municipal,1988,30,175,0,80,1742,0,12,0,0,39,1673,0,0,33,Cifras Definitivas.
Vehículos de motor registrados en circulación. Anual,Municipal,1988,30,183,0,50,1548,0,7,0,0,18,2037,0,0,53,Cifras Definitivas.
Vehículos de motor registrados en circulación. Anual,Municipal,1988,30,189,0,176,5085,0,87,5,0,84,3433,0,0,322,Cifras Definitivas.
Vehículos de motor registrados en circulación. Anual,Municipal,1988,30,192,0,147,906,0,19,0,0,13,1601,0,0,25,Cifras Definitivas.
Vehículos de motor registrados en circulación. Anual,Municipal,1988,30,193,225,1346,26287,27,950,55,72,330,9726,0,0,1912,Cifras Definitivas.
Vehículos de motor registrados en circulación. Anual,Municipal,1988,30,999,0,556,6077,0,319,15,0,158,9771,0,0,603,Cifras Definitivas.
Vehículos de motor registrados en circulación. Anual,Municipal,1988,31,006,0,4,80,0,6,0,3,4,129,0,0,94,Cifras Definitivas.
Vehículos de motor registrados en circulación. Anual,Municipal,1988,31,027,1,14,92,0,0,0,0,0,84,0,0,102,Cifras Definitivas.
Vehículos de motor registrados en circulación. Anual,Municipal,1988,31,038,0,7,130,2,19,0,1,50,98,0,0,32,Cifras Definitivas.
Vehículos de motor registrados en circulación. Anual,Municipal,1988,31,040,1,25,110,0,25,0,2,45,100,0,0,75,Cifras Definitivas.
Vehículos de motor registrados en circulación. Anual,Municipal,1988,31,050,535,1444,70350,0,589,55,335,2249,23244,14,0,3021,Cifras Definitivas.
Vehículos de motor registrados en circulación. Anual,Municipal,1988,31,052,1,56,2174,1,91,20,0,89,131,1,0,175,Cifras Definitivas.
Vehículos de motor registrados en circulación. Anual,Municipal,1988,31,056,0,0,80,0,82,0,0,0,73,0,0,46,Cifras Definitivas.
Vehículos de motor registrados en circulación. Anual,Municipal,1988,31,057,6,12,75,0,12,1,0,8,112,0,0,45,Cifras Definitivas.
Vehículos de motor registrados en circulación. Anual,Municipal,1988,31,058,4,8,143,3,85,0,2,10,66,0,0,55,Cifras Definitivas.
Vehículos de motor registrados en circulación. Anual,Municipal,1988,31,059,21,87,305,2,13,1,1,81,335,0,0,362,Cifras Definitivas.
Vehículos de motor registrados en circulación. Anual,Municipal,1988,31,079,0,30,157,0,5,0,4,16,275,0,0,43,Cifras Definitivas.
Vehículos de motor registrados en circulación. Anual,Municipal,1988,31,089,20,42,310,0,9,1,1,31,74,0,0,208,Cifras Definitivas.
Vehículos de motor registrados en circulación. Anual,Municipal,1988,31,093,0,16,68,1,12,0,0,16,30,0,0,110,Cifras Definitivas.
Vehículos de motor registrados en circulación. Anual,Municipal,1988,31,096,24,107,1008,2,30,4,7,53,569,10,0,332,Cifras Definitivas.
Vehículos de motor registrados en circulación. Anual,Municipal,1988,31,101,2,50,400,2,9,1,3,0,203,0,0,200,Cifras Definitivas.
Vehículos de motor registrados en circulación. Anual,Municipal,1988,31,102,2,153,624,0,17,3,6,90,507,0,0,187,Cifras Definitivas.
Vehículos de motor registrados en circulación. Anual,Municipal,1988,31,999,14,251,1210,6,71,8,7,192,1463,2,14,1086,Cifras Definitivas.
Vehículos de motor registrados en circulación. Anual,Municipal,1988,32,005,0,38,1215,0,22,5,0,26,2106,0,0,135,Cifras Definitivas.
Vehículos de motor registrados en circulación. Anual,Municipal,1988,32,007,0,22,446,0,19,1,0,19,986,0,0,45,Cifras Definitivas.
Vehículos de motor registrados en circulación. Anual,Municipal,1988,32,010,0,153,4792,0,89,12,0,97,6652,0,0,290,Cifras Definitivas.
Vehículos de motor registrados en circulación. Anual,Municipal,1988,32,017,0,74,2001,0,51,4,0,51,2095,0,0,90,Cifras Definitivas.
Vehículos de motor registrados en circulación. Anual,Municipal,1988,32,019,0,89,1812,0,19,3,0,45,1938,0,0,85,Cifras Definitivas.
Vehículos de motor registrados en circulación. Anual,Municipal,1988,32,020,0,71,1820,0,41,9,0,75,3180,0,0,135,Cifras Definitivas.
Vehículos de motor registrados en circulación. Anual,Municipal,1988,32,023,0,64,1796,0,16,0,0,26,2145,0,0,106,Cifras Definitivas.
Vehículos de motor registrados en circulación. Anual,Municipal,1988,32,024,0,66,1651,0,45,11,0,26,2468,0,0,245,Cifras Definitivas.
Vehículos de motor registrados en circulación. Anual,Municipal,1988,32,025,0,7,195,0,3,1,0,2,488,0,0,50,Cifras Definitivas.
Vehículos de motor registrados en circulación. Anual,Municipal,1988,32,033,0,8,358,0,7,2,0,5,450,0,0,10,Cifras Definitivas.
Vehículos de motor registrados en circulación. Anual,Municipal,1988,32,039,0,70,1049,0,26,0,0,32,3505,0,0,105,Cifras Definitivas.
Vehículos de motor registrados en circulación. Anual,Municipal,1988,32,042,0,69,1034,0,39,0,0,40,3083,0,0,45,Cifras Definitivas.
Vehículos de motor registrados en circulación. Anual,Municipal,1988,32,044,0,26,569,0,5,0,0,7,556,0,0,25,Cifras Definitivas.
Vehículos de motor registrados en circulación. Anual,Municipal,1988,32,048,0,53,1140,0,6,0,0,44,2079,0,0,75,Cifras Definitivas.
Vehículos de motor registrados en circulación. Anual,Municipal,1988,32,056,515,486,8021,39,432,41,416,197,6508,0,0,295,Cifras Definitivas.
Vehículos de motor registrados en circulación. Anual,Municipal,1988,32,999,0,202,3665,0,55,0,0,85,6077,0,0,490,Cifras Definitivas.
