"PROD_EST","COBERTURA","ANIO","ID_MES","MARCA","MODELO","TIPO","SEGMENTO","UNI_VEH"
"Registro administrativo de la industria automotriz de vehículos ligeros. Producción de vehículos ","Nacional",2021,"01","Audi","Q5","Camiones ligeros","SUV's",5834
"Registro administrativo de la industria automotriz de vehículos ligeros. Producción de vehículos ","Nacional",2021,"01","BMW Group","Serie 3","Automóviles","De Lujo",5777
"Registro administrativo de la industria automotriz de vehículos ligeros. Producción de vehículos ","Nacional",2021,"01","Chrysler","Crew Cab-","Camiones ligeros","Pick Ups",12166
"Registro administrativo de la industria automotriz de vehículos ligeros. Producción de vehículos ","Nacional",2021,"01","Chrysler","Jeep Compass-","Camiones ligeros","SUV's",0
"Registro administrativo de la industria automotriz de vehículos ligeros. Producción de vehículos ","Nacional",2021,"01","Chrysler","Journey","Camiones ligeros","SUV's",0
"Registro administrativo de la industria automotriz de vehículos ligeros. Producción de vehículos ","Nacional",2021,"01","Chrysler","Promaster","Camiones ligeros","SUV's",5799
"Registro administrativo de la industria automotriz de vehículos ligeros. Producción de vehículos ","Nacional",2021,"01","Chrysler","RAM 1500-","Camiones ligeros","Pick Ups",2660
"Registro administrativo de la industria automotriz de vehículos ligeros. Producción de vehículos ","Nacional",2021,"01","Chrysler","RAM 2500-","Camiones ligeros","Pick Ups",0
"Registro administrativo de la industria automotriz de vehículos ligeros. Producción de vehículos ","Nacional",2021,"01","Chrysler","RAM 4000","Camiones ligeros","Pick Ups",7806
"Registro administrativo de la industria automotriz de vehículos ligeros. Producción de vehículos ","Nacional",2021,"01","Chrysler","RAM 4000 Diesel","Camiones ligeros","Pick Ups",0
"Registro administrativo de la industria automotriz de vehículos ligeros. Producción de vehículos ","Nacional",2021,"01","Fiat","Fiat 500-","Automóviles","Subcompactos",0
"Registro administrativo de la industria automotriz de vehículos ligeros. Producción de vehículos ","Nacional",2021,"01","Ford Motor","Bronco Sport","Camiones ligeros","SUV's",4046
"Registro administrativo de la industria automotriz de vehículos ligeros. Producción de vehículos ","Nacional",2021,"01","Ford Motor","Mustang Mach-E","Camiones ligeros","SUV's",4250
"Registro administrativo de la industria automotriz de vehículos ligeros. Producción de vehículos ","Nacional",2021,"01","General Motors","Avalanche UUV","Camiones ligeros","Pick Ups",0
"Registro administrativo de la industria automotriz de vehículos ligeros. Producción de vehículos ","Nacional",2021,"01","General Motors","Aveo-","Automóviles","Subcompactos",0
"Registro administrativo de la industria automotriz de vehículos ligeros. Producción de vehículos ","Nacional",2021,"01","General Motors","Blazer","Camiones ligeros","SUV's",8764
"Registro administrativo de la industria automotriz de vehículos ligeros. Producción de vehículos ","Nacional",2021,"01","General Motors","Captiva Sport","Camiones ligeros","SUV's",0
"Registro administrativo de la industria automotriz de vehículos ligeros. Producción de vehículos ","Nacional",2021,"01","General Motors","Chevy 3 Ptas","Automóviles","Subcompactos",0
"Registro administrativo de la industria automotriz de vehículos ligeros. Producción de vehículos ","Nacional",2021,"01","General Motors","Chevy 4 PTAS","Automóviles","Subcompactos",0
"Registro administrativo de la industria automotriz de vehículos ligeros. Producción de vehículos ","Nacional",2021,"01","General Motors","Cheyenne  Doble Cabina","Camiones ligeros","Pick Ups",0
"Registro administrativo de la industria automotriz de vehículos ligeros. Producción de vehículos ","Nacional",2021,"01","General Motors","Cheyenne Cabina Regular","Camiones ligeros","Pick Ups",0
"Registro administrativo de la industria automotriz de vehículos ligeros. Producción de vehículos ","Nacional",2021,"01","General Motors","Cruze 4 PTAS-","Automóviles","Compactos",0
"Registro administrativo de la industria automotriz de vehículos ligeros. Producción de vehículos ","Nacional",2021,"01","General Motors","Cruze 5 Ptas","Automóviles","Compactos",0
"Registro administrativo de la industria automotriz de vehículos ligeros. Producción de vehículos ","Nacional",2021,"01","General Motors","Equinox SUV-","Camiones ligeros","SUV's",14586
"Registro administrativo de la industria automotriz de vehículos ligeros. Producción de vehículos ","Nacional",2021,"01","General Motors","Escalade ESV SUV AWD","Camiones ligeros","Minivans",0
"Registro administrativo de la industria automotriz de vehículos ligeros. Producción de vehículos ","Nacional",2021,"01","General Motors","Escalade EXT UUV 4X4","Camiones ligeros","Minivans",0
"Registro administrativo de la industria automotriz de vehículos ligeros. Producción de vehículos ","Nacional",2021,"01","General Motors","GMC Sierra Doble Cabina","Camiones ligeros","Pick Ups",0
"Registro administrativo de la industria automotriz de vehículos ligeros. Producción de vehículos ","Nacional",2021,"01","General Motors","Kodiak Chassis Cab Class 7 PBV33,000","Camiones ligeros","Pick Ups",0
"Registro administrativo de la industria automotriz de vehículos ligeros. Producción de vehículos ","Nacional",2021,"01","General Motors","Onix","Automóviles","Compactos",2351
"Registro administrativo de la industria automotriz de vehículos ligeros. Producción de vehículos ","Nacional",2021,"01","General Motors","Sierra Cabina Regular","Camiones ligeros","Pick Ups",816
"Registro administrativo de la industria automotriz de vehículos ligeros. Producción de vehículos ","Nacional",2021,"01","General Motors","Sierra Doble Cabina","Camiones ligeros","Pick Ups",11159
"Registro administrativo de la industria automotriz de vehículos ligeros. Producción de vehículos ","Nacional",2021,"01","General Motors","Silverado Cabina Regular","Camiones ligeros","Pick Ups",1338
"Registro administrativo de la industria automotriz de vehículos ligeros. Producción de vehículos ","Nacional",2021,"01","General Motors","Silverado Cabina Regular","Camiones ligeros","Pick Ups",0
"Registro administrativo de la industria automotriz de vehículos ligeros. Producción de vehículos ","Nacional",2021,"01","General Motors","Silverado Doble Cabina","Camiones ligeros","Pick Ups",18172
"Registro administrativo de la industria automotriz de vehículos ligeros. Producción de vehículos ","Nacional",2021,"01","General Motors","Silverado 1500 Cabina Regular-","Camiones ligeros","Pick Ups",0
"Registro administrativo de la industria automotriz de vehículos ligeros. Producción de vehículos ","Nacional",2021,"01","General Motors","Silverado 2500 Cabina Regular-","Camiones ligeros","Pick Ups",0
"Registro administrativo de la industria automotriz de vehículos ligeros. Producción de vehículos ","Nacional",2021,"01","General Motors","Silverado 2500 Doble Cabina-","Camiones ligeros","Pick Ups",0
"Registro administrativo de la industria automotriz de vehículos ligeros. Producción de vehículos ","Nacional",2021,"01","General Motors","Silverado 3500 Chassis Cab","Camiones ligeros","Pick Ups",0
"Registro administrativo de la industria automotriz de vehículos ligeros. Producción de vehículos ","Nacional",2021,"01","General Motors","Silverado 3500 HD Chassis Cab Heavy Duty","Camiones ligeros","Pick Ups",0
"Registro administrativo de la industria automotriz de vehículos ligeros. Producción de vehículos ","Nacional",2021,"01","General Motors","Sonic-","Automóviles","Subcompactos",0
"Registro administrativo de la industria automotriz de vehículos ligeros. Producción de vehículos ","Nacional",2021,"01","General Motors","Sonic 5 PTS-","Automóviles","Subcompactos",0
"Registro administrativo de la industria automotriz de vehículos ligeros. Producción de vehículos ","Nacional",2021,"01","General Motors","SRX SUV-","Camiones ligeros","SUV's",0
"Registro administrativo de la industria automotriz de vehículos ligeros. Producción de vehículos ","Nacional",2021,"01","General Motors","Terrain SUV-","Camiones ligeros","SUV's",7700
"Registro administrativo de la industria automotriz de vehículos ligeros. Producción de vehículos ","Nacional",2021,"01","General Motors","Trax","Camiones ligeros","SUV's",0
"Registro administrativo de la industria automotriz de vehículos ligeros. Producción de vehículos ","Nacional",2021,"01","Honda","Fit-","Automóviles","Subcompactos",0
"Registro administrativo de la industria automotriz de vehículos ligeros. Producción de vehículos ","Nacional",2021,"01","Honda","HR-V-","Camiones ligeros","SUV's",13956
"Registro administrativo de la industria automotriz de vehículos ligeros. Producción de vehículos ","Nacional",2021,"01","JAC","Frison","Camiones ligeros","Pick Ups",66
"Registro administrativo de la industria automotriz de vehículos ligeros. Producción de vehículos ","Nacional",2021,"01","JAC","GML X150 EV","Camiones ligeros","Pick Ups",52
"Registro administrativo de la industria automotriz de vehículos ligeros. Producción de vehículos ","Nacional",2021,"01","JAC","J7","Automóviles","Compactos",24
"Registro administrativo de la industria automotriz de vehículos ligeros. Producción de vehículos ","Nacional",2021,"01","JAC","Sei2","Camiones ligeros","SUV's",125
"Registro administrativo de la industria automotriz de vehículos ligeros. Producción de vehículos ","Nacional",2021,"01","JAC","Sei3","Camiones ligeros","SUV's",51
"Registro administrativo de la industria automotriz de vehículos ligeros. Producción de vehículos ","Nacional",2021,"01","JAC","Sei4","Camiones ligeros","SUV's",2
"Registro administrativo de la industria automotriz de vehículos ligeros. Producción de vehículos ","Nacional",2021,"01","JAC","Sei7","Camiones ligeros","SUV's",62
"Registro administrativo de la industria automotriz de vehículos ligeros. Producción de vehículos ","Nacional",2021,"01","JAC","X 200","Camiones ligeros","Pick Ups",70
"Registro administrativo de la industria automotriz de vehículos ligeros. Producción de vehículos ","Nacional",2021,"01","KIA","Forte-","Automóviles","Compactos",12830
"Registro administrativo de la industria automotriz de vehículos ligeros. Producción de vehículos ","Nacional",2021,"01","KIA","Forte Hatchback","Automóviles","Compactos",0
"Registro administrativo de la industria automotriz de vehículos ligeros. Producción de vehículos ","Nacional",2021,"01","KIA","Hyundai Accent Hatchback","Automóviles","Subcompactos",129
"Registro administrativo de la industria automotriz de vehículos ligeros. Producción de vehículos ","Nacional",2021,"01","KIA","Hyundai Accent Sedán","Automóviles","Subcompactos",1654
"Registro administrativo de la industria automotriz de vehículos ligeros. Producción de vehículos ","Nacional",2021,"01","KIA","Kia Río Hatchback-","Automóviles","Subcompactos",1691
"Registro administrativo de la industria automotriz de vehículos ligeros. Producción de vehículos ","Nacional",2021,"01","KIA","KIA Río Sedan-","Automóviles","Subcompactos",4996
"Registro administrativo de la industria automotriz de vehículos ligeros. Producción de vehículos ","Nacional",2021,"01","Mazda","CX-30","Camiones ligeros","SUV's",9957
"Registro administrativo de la industria automotriz de vehículos ligeros. Producción de vehículos ","Nacional",2021,"01","Mazda","Mazda 2 Hatchback","Automóviles","Subcompactos",1921
"Registro administrativo de la industria automotriz de vehículos ligeros. Producción de vehículos ","Nacional",2021,"01","Mazda","Mazda 2 Sedán","Automóviles","Subcompactos",488
"Registro administrativo de la industria automotriz de vehículos ligeros. Producción de vehículos ","Nacional",2021,"01","Mazda","Mazda 3 Hatchback","Automóviles","Compactos",0
"Registro administrativo de la industria automotriz de vehículos ligeros. Producción de vehículos ","Nacional",2021,"01","Mazda","Mazda 3 Sedán-","Automóviles","Compactos",831
"Registro administrativo de la industria automotriz de vehículos ligeros. Producción de vehículos ","Nacional",2021,"01","Mercedes Benz_Prod_Expo","Clase A Sedán_","Automóviles","De Lujo",0
"Registro administrativo de la industria automotriz de vehículos ligeros. Producción de vehículos ","Nacional",2021,"01","Mercedes Benz_Prod_Expo","GLB_","Camiones ligeros","SUV's",6578
"Registro administrativo de la industria automotriz de vehículos ligeros. Producción de vehículos ","Nacional",2021,"01","Nissan","Kicks","Camiones ligeros","SUV's",12189
"Registro administrativo de la industria automotriz de vehículos ligeros. Producción de vehículos ","Nacional",2021,"01","Nissan","March","Automóviles","Subcompactos",1776
"Registro administrativo de la industria automotriz de vehículos ligeros. Producción de vehículos ","Nacional",2021,"01","Nissan","Note","Automóviles","Compactos",0
"Registro administrativo de la industria automotriz de vehículos ligeros. Producción de vehículos ","Nacional",2021,"01","Nissan","NP300","Camiones ligeros","Pick Ups",6513
"Registro administrativo de la industria automotriz de vehículos ligeros. Producción de vehículos ","Nacional",2021,"01","Nissan","NV 200 Cargo","Camiones ligeros","SUV's",2612
"Registro administrativo de la industria automotriz de vehículos ligeros. Producción de vehículos ","Nacional",2021,"01","Nissan","NV 200 NY TAXI","Camiones ligeros","SUV's",0
"Registro administrativo de la industria automotriz de vehículos ligeros. Producción de vehículos ","Nacional",2021,"01","Nissan","QX50","Camiones ligeros","SUV's",2821
"Registro administrativo de la industria automotriz de vehículos ligeros. Producción de vehículos ","Nacional",2021,"01","Nissan","QX55","Camiones ligeros","SUV's",10
"Registro administrativo de la industria automotriz de vehículos ligeros. Producción de vehículos ","Nacional",2021,"01","Nissan","Sentra","Automóviles","Compactos",14011
"Registro administrativo de la industria automotriz de vehículos ligeros. Producción de vehículos ","Nacional",2021,"01","Nissan","Tiida Sedan","Automóviles","Compactos",0
"Registro administrativo de la industria automotriz de vehículos ligeros. Producción de vehículos ","Nacional",2021,"01","Nissan","Versa","Automóviles","Compactos",17685
"Registro administrativo de la industria automotriz de vehículos ligeros. Producción de vehículos ","Nacional",2021,"01","Toyota","Tacoma-","Camiones ligeros","Pick Ups",19030
"Registro administrativo de la industria automotriz de vehículos ligeros. Producción de vehículos ","Nacional",2021,"01","Toyota","Yaris-R","Automóviles","Subcompactos",0
"Registro administrativo de la industria automotriz de vehículos ligeros. Producción de vehículos ","Nacional",2021,"01","Volkswagen","Golf-","Automóviles","Compactos",3302
"Registro administrativo de la industria automotriz de vehículos ligeros. Producción de vehículos ","Nacional",2021,"01","Volkswagen","Jetta","Automóviles","Compactos",9349
"Registro administrativo de la industria automotriz de vehículos ligeros. Producción de vehículos ","Nacional",2021,"01","Volkswagen","Taos","Camiones ligeros","SUV's",1519
"Registro administrativo de la industria automotriz de vehículos ligeros. Producción de vehículos ","Nacional",2021,"01","Volkswagen","Tiguan-","Camiones ligeros","SUV's",19187
"Registro administrativo de la industria automotriz de vehículos ligeros. Producción de vehículos ","Nacional",2021,"02","Audi","Q5","Camiones ligeros","SUV's",11193
"Registro administrativo de la industria automotriz de vehículos ligeros. Producción de vehículos ","Nacional",2021,"02","BMW Group","Serie 3","Automóviles","De Lujo",5636
"Registro administrativo de la industria automotriz de vehículos ligeros. Producción de vehículos ","Nacional",2021,"02","Chrysler","Crew Cab-","Camiones ligeros","Pick Ups",11233
"Registro administrativo de la industria automotriz de vehículos ligeros. Producción de vehículos ","Nacional",2021,"02","Chrysler","Jeep Compass-","Camiones ligeros","SUV's",2173
"Registro administrativo de la industria automotriz de vehículos ligeros. Producción de vehículos ","Nacional",2021,"02","Chrysler","Journey","Camiones ligeros","SUV's",0
"Registro administrativo de la industria automotriz de vehículos ligeros. Producción de vehículos ","Nacional",2021,"02","Chrysler","Promaster","Camiones ligeros","SUV's",1212
"Registro administrativo de la industria automotriz de vehículos ligeros. Producción de vehículos ","Nacional",2021,"02","Chrysler","RAM 1500-","Camiones ligeros","Pick Ups",2909
"Registro administrativo de la industria automotriz de vehículos ligeros. Producción de vehículos ","Nacional",2021,"02","Chrysler","RAM 2500-","Camiones ligeros","Pick Ups",0
"Registro administrativo de la industria automotriz de vehículos ligeros. Producción de vehículos ","Nacional",2021,"02","Chrysler","RAM 4000","Camiones ligeros","Pick Ups",6548
"Registro administrativo de la industria automotriz de vehículos ligeros. Producción de vehículos ","Nacional",2021,"02","Chrysler","RAM 4000 Diesel","Camiones ligeros","Pick Ups",0
"Registro administrativo de la industria automotriz de vehículos ligeros. Producción de vehículos ","Nacional",2021,"02","Fiat","Fiat 500-","Automóviles","Subcompactos",0
"Registro administrativo de la industria automotriz de vehículos ligeros. Producción de vehículos ","Nacional",2021,"02","Ford Motor","Bronco Sport","Camiones ligeros","SUV's",13450
"Registro administrativo de la industria automotriz de vehículos ligeros. Producción de vehículos ","Nacional",2021,"02","Ford Motor","Mustang Mach-E","Camiones ligeros","SUV's",3846
"Registro administrativo de la industria automotriz de vehículos ligeros. Producción de vehículos ","Nacional",2021,"02","General Motors","Avalanche UUV","Camiones ligeros","Pick Ups",0
"Registro administrativo de la industria automotriz de vehículos ligeros. Producción de vehículos ","Nacional",2021,"02","General Motors","Aveo-","Automóviles","Subcompactos",0
"Registro administrativo de la industria automotriz de vehículos ligeros. Producción de vehículos ","Nacional",2021,"02","General Motors","Blazer","Camiones ligeros","SUV's",4430
"Registro administrativo de la industria automotriz de vehículos ligeros. Producción de vehículos ","Nacional",2021,"02","General Motors","Captiva Sport","Camiones ligeros","SUV's",0
"Registro administrativo de la industria automotriz de vehículos ligeros. Producción de vehículos ","Nacional",2021,"02","General Motors","Chevy 3 Ptas","Automóviles","Subcompactos",0
"Registro administrativo de la industria automotriz de vehículos ligeros. Producción de vehículos ","Nacional",2021,"02","General Motors","Chevy 4 PTAS","Automóviles","Subcompactos",0
"Registro administrativo de la industria automotriz de vehículos ligeros. Producción de vehículos ","Nacional",2021,"02","General Motors","Cheyenne  Doble Cabina","Camiones ligeros","Pick Ups",0
"Registro administrativo de la industria automotriz de vehículos ligeros. Producción de vehículos ","Nacional",2021,"02","General Motors","Cheyenne Cabina Regular","Camiones ligeros","Pick Ups",0
"Registro administrativo de la industria automotriz de vehículos ligeros. Producción de vehículos ","Nacional",2021,"02","General Motors","Cruze 4 PTAS-","Automóviles","Compactos",0
"Registro administrativo de la industria automotriz de vehículos ligeros. Producción de vehículos ","Nacional",2021,"02","General Motors","Cruze 5 Ptas","Automóviles","Compactos",0
"Registro administrativo de la industria automotriz de vehículos ligeros. Producción de vehículos ","Nacional",2021,"02","General Motors","Equinox SUV-","Camiones ligeros","SUV's",5892
"Registro administrativo de la industria automotriz de vehículos ligeros. Producción de vehículos ","Nacional",2021,"02","General Motors","Escalade ESV SUV AWD","Camiones ligeros","Minivans",0
"Registro administrativo de la industria automotriz de vehículos ligeros. Producción de vehículos ","Nacional",2021,"02","General Motors","Escalade EXT UUV 4X4","Camiones ligeros","Minivans",0
"Registro administrativo de la industria automotriz de vehículos ligeros. Producción de vehículos ","Nacional",2021,"02","General Motors","GMC Sierra Doble Cabina","Camiones ligeros","Pick Ups",0
"Registro administrativo de la industria automotriz de vehículos ligeros. Producción de vehículos ","Nacional",2021,"02","General Motors","Kodiak Chassis Cab Class 7 PBV33,000","Camiones ligeros","Pick Ups",0
"Registro administrativo de la industria automotriz de vehículos ligeros. Producción de vehículos ","Nacional",2021,"02","General Motors","Onix","Automóviles","Compactos",465
"Registro administrativo de la industria automotriz de vehículos ligeros. Producción de vehículos ","Nacional",2021,"02","General Motors","Sierra Cabina Regular","Camiones ligeros","Pick Ups",683
"Registro administrativo de la industria automotriz de vehículos ligeros. Producción de vehículos ","Nacional",2021,"02","General Motors","Sierra Doble Cabina","Camiones ligeros","Pick Ups",11869
"Registro administrativo de la industria automotriz de vehículos ligeros. Producción de vehículos ","Nacional",2021,"02","General Motors","Silverado Cabina Regular","Camiones ligeros","Pick Ups",2206
"Registro administrativo de la industria automotriz de vehículos ligeros. Producción de vehículos ","Nacional",2021,"02","General Motors","Silverado Cabina Regular","Camiones ligeros","Pick Ups",0
"Registro administrativo de la industria automotriz de vehículos ligeros. Producción de vehículos ","Nacional",2021,"02","General Motors","Silverado Doble Cabina","Camiones ligeros","Pick Ups",14460
"Registro administrativo de la industria automotriz de vehículos ligeros. Producción de vehículos ","Nacional",2021,"02","General Motors","Silverado 1500 Cabina Regular-","Camiones ligeros","Pick Ups",0
"Registro administrativo de la industria automotriz de vehículos ligeros. Producción de vehículos ","Nacional",2021,"02","General Motors","Silverado 2500 Cabina Regular-","Camiones ligeros","Pick Ups",0
"Registro administrativo de la industria automotriz de vehículos ligeros. Producción de vehículos ","Nacional",2021,"02","General Motors","Silverado 2500 Doble Cabina-","Camiones ligeros","Pick Ups",0
"Registro administrativo de la industria automotriz de vehículos ligeros. Producción de vehículos ","Nacional",2021,"02","General Motors","Silverado 3500 Chassis Cab","Camiones ligeros","Pick Ups",0
"Registro administrativo de la industria automotriz de vehículos ligeros. Producción de vehículos ","Nacional",2021,"02","General Motors","Silverado 3500 HD Chassis Cab Heavy Duty","Camiones ligeros","Pick Ups",0
"Registro administrativo de la industria automotriz de vehículos ligeros. Producción de vehículos ","Nacional",2021,"02","General Motors","Sonic-","Automóviles","Subcompactos",0
"Registro administrativo de la industria automotriz de vehículos ligeros. Producción de vehículos ","Nacional",2021,"02","General Motors","Sonic 5 PTS-","Automóviles","Subcompactos",0
"Registro administrativo de la industria automotriz de vehículos ligeros. Producción de vehículos ","Nacional",2021,"02","General Motors","SRX SUV-","Camiones ligeros","SUV's",0
"Registro administrativo de la industria automotriz de vehículos ligeros. Producción de vehículos ","Nacional",2021,"02","General Motors","Terrain SUV-","Camiones ligeros","SUV's",1570
"Registro administrativo de la industria automotriz de vehículos ligeros. Producción de vehículos ","Nacional",2021,"02","General Motors","Trax","Camiones ligeros","SUV's",0
"Registro administrativo de la industria automotriz de vehículos ligeros. Producción de vehículos ","Nacional",2021,"02","Honda","Fit-","Automóviles","Subcompactos",0
"Registro administrativo de la industria automotriz de vehículos ligeros. Producción de vehículos ","Nacional",2021,"02","Honda","HR-V-","Camiones ligeros","SUV's",12165
"Registro administrativo de la industria automotriz de vehículos ligeros. Producción de vehículos ","Nacional",2021,"02","JAC","Frison","Camiones ligeros","Pick Ups",72
"Registro administrativo de la industria automotriz de vehículos ligeros. Producción de vehículos ","Nacional",2021,"02","JAC","GML X150 EV","Camiones ligeros","Pick Ups",140
"Registro administrativo de la industria automotriz de vehículos ligeros. Producción de vehículos ","Nacional",2021,"02","JAC","X 200","Camiones ligeros","Pick Ups",2
"Registro administrativo de la industria automotriz de vehículos ligeros. Producción de vehículos ","Nacional",2021,"02","KIA","Forte-","Automóviles","Compactos",8925
"Registro administrativo de la industria automotriz de vehículos ligeros. Producción de vehículos ","Nacional",2021,"02","KIA","Forte Hatchback","Automóviles","Compactos",0
"Registro administrativo de la industria automotriz de vehículos ligeros. Producción de vehículos ","Nacional",2021,"02","KIA","Hyundai Accent Hatchback","Automóviles","Subcompactos",309
"Registro administrativo de la industria automotriz de vehículos ligeros. Producción de vehículos ","Nacional",2021,"02","KIA","Hyundai Accent Sedán","Automóviles","Subcompactos",2055
"Registro administrativo de la industria automotriz de vehículos ligeros. Producción de vehículos ","Nacional",2021,"02","KIA","Kia Río Hatchback-","Automóviles","Subcompactos",1742
"Registro administrativo de la industria automotriz de vehículos ligeros. Producción de vehículos ","Nacional",2021,"02","KIA","KIA Río Sedan-","Automóviles","Subcompactos",3769
"Registro administrativo de la industria automotriz de vehículos ligeros. Producción de vehículos ","Nacional",2021,"02","Mazda","CX-30","Camiones ligeros","SUV's",7099
"Registro administrativo de la industria automotriz de vehículos ligeros. Producción de vehículos ","Nacional",2021,"02","Mazda","Mazda 2 Hatchback","Automóviles","Subcompactos",946
"Registro administrativo de la industria automotriz de vehículos ligeros. Producción de vehículos ","Nacional",2021,"02","Mazda","Mazda 2 Sedán","Automóviles","Subcompactos",334
"Registro administrativo de la industria automotriz de vehículos ligeros. Producción de vehículos ","Nacional",2021,"02","Mazda","Mazda 3 Hatchback","Automóviles","Compactos",0
"Registro administrativo de la industria automotriz de vehículos ligeros. Producción de vehículos ","Nacional",2021,"02","Mazda","Mazda 3 Sedán-","Automóviles","Compactos",924
"Registro administrativo de la industria automotriz de vehículos ligeros. Producción de vehículos ","Nacional",2021,"02","Mercedes Benz_Prod_Expo","Clase A Sedán_","Automóviles","De Lujo",0
"Registro administrativo de la industria automotriz de vehículos ligeros. Producción de vehículos ","Nacional",2021,"02","Mercedes Benz_Prod_Expo","GLB_","Camiones ligeros","SUV's",6508
"Registro administrativo de la industria automotriz de vehículos ligeros. Producción de vehículos ","Nacional",2021,"02","Nissan","Kicks","Camiones ligeros","SUV's",11105
"Registro administrativo de la industria automotriz de vehículos ligeros. Producción de vehículos ","Nacional",2021,"02","Nissan","March","Automóviles","Subcompactos",3783
"Registro administrativo de la industria automotriz de vehículos ligeros. Producción de vehículos ","Nacional",2021,"02","Nissan","Note","Automóviles","Compactos",0
"Registro administrativo de la industria automotriz de vehículos ligeros. Producción de vehículos ","Nacional",2021,"02","Nissan","NP300","Camiones ligeros","Pick Ups",5694
"Registro administrativo de la industria automotriz de vehículos ligeros. Producción de vehículos ","Nacional",2021,"02","Nissan","NV 200 Cargo","Camiones ligeros","SUV's",2566
"Registro administrativo de la industria automotriz de vehículos ligeros. Producción de vehículos ","Nacional",2021,"02","Nissan","NV 200 NY TAXI","Camiones ligeros","SUV's",0
"Registro administrativo de la industria automotriz de vehículos ligeros. Producción de vehículos ","Nacional",2021,"02","Nissan","QX50","Camiones ligeros","SUV's",2488
"Registro administrativo de la industria automotriz de vehículos ligeros. Producción de vehículos ","Nacional",2021,"02","Nissan","QX55","Camiones ligeros","SUV's",309
"Registro administrativo de la industria automotriz de vehículos ligeros. Producción de vehículos ","Nacional",2021,"02","Nissan","Sentra","Automóviles","Compactos",10187
"Registro administrativo de la industria automotriz de vehículos ligeros. Producción de vehículos ","Nacional",2021,"02","Nissan","Tiida Sedan","Automóviles","Compactos",0
"Registro administrativo de la industria automotriz de vehículos ligeros. Producción de vehículos ","Nacional",2021,"02","Nissan","Versa","Automóviles","Compactos",13232
"Registro administrativo de la industria automotriz de vehículos ligeros. Producción de vehículos ","Nacional",2021,"02","Toyota","Tacoma-","Camiones ligeros","Pick Ups",17157
"Registro administrativo de la industria automotriz de vehículos ligeros. Producción de vehículos ","Nacional",2021,"02","Toyota","Yaris-R","Automóviles","Subcompactos",0
"Registro administrativo de la industria automotriz de vehículos ligeros. Producción de vehículos ","Nacional",2021,"02","Volkswagen","Golf-","Automóviles","Compactos",2265
"Registro administrativo de la industria automotriz de vehículos ligeros. Producción de vehículos ","Nacional",2021,"02","Volkswagen","Jetta","Automóviles","Compactos",7853
"Registro administrativo de la industria automotriz de vehículos ligeros. Producción de vehículos ","Nacional",2021,"02","Volkswagen","Taos","Camiones ligeros","SUV's",1987
"Registro administrativo de la industria automotriz de vehículos ligeros. Producción de vehículos ","Nacional",2021,"02","Volkswagen","Tiguan-","Camiones ligeros","SUV's",15477
"Registro administrativo de la industria automotriz de vehículos ligeros. Producción de vehículos ","Nacional",2021,"03","Audi","Q5","Camiones ligeros","SUV's",15687
"Registro administrativo de la industria automotriz de vehículos ligeros. Producción de vehículos ","Nacional",2021,"03","BMW Group","Serie 3","Automóviles","De Lujo",7074
"Registro administrativo de la industria automotriz de vehículos ligeros. Producción de vehículos ","Nacional",2021,"03","Chrysler","Crew Cab-","Camiones ligeros","Pick Ups",13642
"Registro administrativo de la industria automotriz de vehículos ligeros. Producción de vehículos ","Nacional",2021,"03","Chrysler","Jeep Compass-","Camiones ligeros","SUV's",10
"Registro administrativo de la industria automotriz de vehículos ligeros. Producción de vehículos ","Nacional",2021,"03","Chrysler","Journey","Camiones ligeros","SUV's",0
"Registro administrativo de la industria automotriz de vehículos ligeros. Producción de vehículos ","Nacional",2021,"03","Chrysler","Promaster","Camiones ligeros","SUV's",6666
"Registro administrativo de la industria automotriz de vehículos ligeros. Producción de vehículos ","Nacional",2021,"03","Chrysler","RAM 1500-","Camiones ligeros","Pick Ups",3181
"Registro administrativo de la industria automotriz de vehículos ligeros. Producción de vehículos ","Nacional",2021,"03","Chrysler","RAM 2500-","Camiones ligeros","Pick Ups",0
"Registro administrativo de la industria automotriz de vehículos ligeros. Producción de vehículos ","Nacional",2021,"03","Chrysler","RAM 4000","Camiones ligeros","Pick Ups",8746
"Registro administrativo de la industria automotriz de vehículos ligeros. Producción de vehículos ","Nacional",2021,"03","Chrysler","RAM 4000 Diesel","Camiones ligeros","Pick Ups",0
"Registro administrativo de la industria automotriz de vehículos ligeros. Producción de vehículos ","Nacional",2021,"03","Fiat","Fiat 500-","Automóviles","Subcompactos",0
"Registro administrativo de la industria automotriz de vehículos ligeros. Producción de vehículos ","Nacional",2021,"03","Ford Motor","Bronco Sport","Camiones ligeros","SUV's",18488
"Registro administrativo de la industria automotriz de vehículos ligeros. Producción de vehículos ","Nacional",2021,"03","Ford Motor","Maverick","Camiones ligeros","Pick Ups",77
"Registro administrativo de la industria automotriz de vehículos ligeros. Producción de vehículos ","Nacional",2021,"03","Ford Motor","Mustang Mach-E","Camiones ligeros","SUV's",6720
"Registro administrativo de la industria automotriz de vehículos ligeros. Producción de vehículos ","Nacional",2021,"03","General Motors","Avalanche UUV","Camiones ligeros","Pick Ups",0
"Registro administrativo de la industria automotriz de vehículos ligeros. Producción de vehículos ","Nacional",2021,"03","General Motors","Aveo-","Automóviles","Subcompactos",0
"Registro administrativo de la industria automotriz de vehículos ligeros. Producción de vehículos ","Nacional",2021,"03","General Motors","Blazer","Camiones ligeros","SUV's",9337
"Registro administrativo de la industria automotriz de vehículos ligeros. Producción de vehículos ","Nacional",2021,"03","General Motors","Captiva Sport","Camiones ligeros","SUV's",0
"Registro administrativo de la industria automotriz de vehículos ligeros. Producción de vehículos ","Nacional",2021,"03","General Motors","Chevy 3 Ptas","Automóviles","Subcompactos",0
"Registro administrativo de la industria automotriz de vehículos ligeros. Producción de vehículos ","Nacional",2021,"03","General Motors","Chevy 4 PTAS","Automóviles","Subcompactos",0
"Registro administrativo de la industria automotriz de vehículos ligeros. Producción de vehículos ","Nacional",2021,"03","General Motors","Cheyenne  Doble Cabina","Camiones ligeros","Pick Ups",0
"Registro administrativo de la industria automotriz de vehículos ligeros. Producción de vehículos ","Nacional",2021,"03","General Motors","Cheyenne Cabina Regular","Camiones ligeros","Pick Ups",0
"Registro administrativo de la industria automotriz de vehículos ligeros. Producción de vehículos ","Nacional",2021,"03","General Motors","Cruze 4 PTAS-","Automóviles","Compactos",0
"Registro administrativo de la industria automotriz de vehículos ligeros. Producción de vehículos ","Nacional",2021,"03","General Motors","Cruze 5 Ptas","Automóviles","Compactos",0
"Registro administrativo de la industria automotriz de vehículos ligeros. Producción de vehículos ","Nacional",2021,"03","General Motors","Equinox SUV-","Camiones ligeros","SUV's",10520
"Registro administrativo de la industria automotriz de vehículos ligeros. Producción de vehículos ","Nacional",2021,"03","General Motors","Escalade ESV SUV AWD","Camiones ligeros","Minivans",0
"Registro administrativo de la industria automotriz de vehículos ligeros. Producción de vehículos ","Nacional",2021,"03","General Motors","Escalade EXT UUV 4X4","Camiones ligeros","Minivans",0
"Registro administrativo de la industria automotriz de vehículos ligeros. Producción de vehículos ","Nacional",2021,"03","General Motors","GMC Sierra Doble Cabina","Camiones ligeros","Pick Ups",0
"Registro administrativo de la industria automotriz de vehículos ligeros. Producción de vehículos ","Nacional",2021,"03","General Motors","Kodiak Chassis Cab Class 7 PBV33,000","Camiones ligeros","Pick Ups",0
"Registro administrativo de la industria automotriz de vehículos ligeros. Producción de vehículos ","Nacional",2021,"03","General Motors","Onix","Automóviles","Compactos",0
"Registro administrativo de la industria automotriz de vehículos ligeros. Producción de vehículos ","Nacional",2021,"03","General Motors","Sierra Cabina Regular","Camiones ligeros","Pick Ups",592
"Registro administrativo de la industria automotriz de vehículos ligeros. Producción de vehículos ","Nacional",2021,"03","General Motors","Sierra Doble Cabina","Camiones ligeros","Pick Ups",13153
"Registro administrativo de la industria automotriz de vehículos ligeros. Producción de vehículos ","Nacional",2021,"03","General Motors","Silverado Cabina Regular","Camiones ligeros","Pick Ups",2762
"Registro administrativo de la industria automotriz de vehículos ligeros. Producción de vehículos ","Nacional",2021,"03","General Motors","Silverado Cabina Regular","Camiones ligeros","Pick Ups",0
"Registro administrativo de la industria automotriz de vehículos ligeros. Producción de vehículos ","Nacional",2021,"03","General Motors","Silverado Doble Cabina","Camiones ligeros","Pick Ups",20875
"Registro administrativo de la industria automotriz de vehículos ligeros. Producción de vehículos ","Nacional",2021,"03","General Motors","Silverado 1500 Cabina Regular-","Camiones ligeros","Pick Ups",0
"Registro administrativo de la industria automotriz de vehículos ligeros. Producción de vehículos ","Nacional",2021,"03","General Motors","Silverado 2500 Cabina Regular-","Camiones ligeros","Pick Ups",0
"Registro administrativo de la industria automotriz de vehículos ligeros. Producción de vehículos ","Nacional",2021,"03","General Motors","Silverado 2500 Doble Cabina-","Camiones ligeros","Pick Ups",0
"Registro administrativo de la industria automotriz de vehículos ligeros. Producción de vehículos ","Nacional",2021,"03","General Motors","Silverado 3500 Chassis Cab","Camiones ligeros","Pick Ups",0
"Registro administrativo de la industria automotriz de vehículos ligeros. Producción de vehículos ","Nacional",2021,"03","General Motors","Silverado 3500 HD Chassis Cab Heavy Duty","Camiones ligeros","Pick Ups",0
"Registro administrativo de la industria automotriz de vehículos ligeros. Producción de vehículos ","Nacional",2021,"03","General Motors","Sonic-","Automóviles","Subcompactos",0
"Registro administrativo de la industria automotriz de vehículos ligeros. Producción de vehículos ","Nacional",2021,"03","General Motors","Sonic 5 PTS-","Automóviles","Subcompactos",0
"Registro administrativo de la industria automotriz de vehículos ligeros. Producción de vehículos ","Nacional",2021,"03","General Motors","SRX SUV-","Camiones ligeros","SUV's",0
"Registro administrativo de la industria automotriz de vehículos ligeros. Producción de vehículos ","Nacional",2021,"03","General Motors","Terrain SUV-","Camiones ligeros","SUV's",0
"Registro administrativo de la industria automotriz de vehículos ligeros. Producción de vehículos ","Nacional",2021,"03","General Motors","Trax","Camiones ligeros","SUV's",0
"Registro administrativo de la industria automotriz de vehículos ligeros. Producción de vehículos ","Nacional",2021,"03","Honda","Fit-","Automóviles","Subcompactos",0
"Registro administrativo de la industria automotriz de vehículos ligeros. Producción de vehículos ","Nacional",2021,"03","Honda","HR-V-","Camiones ligeros","SUV's",8870
"Registro administrativo de la industria automotriz de vehículos ligeros. Producción de vehículos ","Nacional",2021,"03","JAC","Frison","Camiones ligeros","Pick Ups",3
"Registro administrativo de la industria automotriz de vehículos ligeros. Producción de vehículos ","Nacional",2021,"03","JAC","J7","Automóviles","Compactos",34
"Registro administrativo de la industria automotriz de vehículos ligeros. Producción de vehículos ","Nacional",2021,"03","JAC","Sei2","Camiones ligeros","SUV's",1
"Registro administrativo de la industria automotriz de vehículos ligeros. Producción de vehículos ","Nacional",2021,"03","JAC","X 200","Camiones ligeros","Pick Ups",34
"Registro administrativo de la industria automotriz de vehículos ligeros. Producción de vehículos ","Nacional",2021,"03","KIA","Forte-","Automóviles","Compactos",11861
"Registro administrativo de la industria automotriz de vehículos ligeros. Producción de vehículos ","Nacional",2021,"03","KIA","Forte Hatchback","Automóviles","Compactos",0
"Registro administrativo de la industria automotriz de vehículos ligeros. Producción de vehículos ","Nacional",2021,"03","KIA","Hyundai Accent Hatchback","Automóviles","Subcompactos",305
"Registro administrativo de la industria automotriz de vehículos ligeros. Producción de vehículos ","Nacional",2021,"03","KIA","Hyundai Accent Sedán","Automóviles","Subcompactos",3685
"Registro administrativo de la industria automotriz de vehículos ligeros. Producción de vehículos ","Nacional",2021,"03","KIA","Kia Río Hatchback-","Automóviles","Subcompactos",1942
"Registro administrativo de la industria automotriz de vehículos ligeros. Producción de vehículos ","Nacional",2021,"03","KIA","KIA Río Sedan-","Automóviles","Subcompactos",4407
"Registro administrativo de la industria automotriz de vehículos ligeros. Producción de vehículos ","Nacional",2021,"03","Mazda","CX-30","Camiones ligeros","SUV's",12270
"Registro administrativo de la industria automotriz de vehículos ligeros. Producción de vehículos ","Nacional",2021,"03","Mazda","Mazda 2 Hatchback","Automóviles","Subcompactos",1421
"Registro administrativo de la industria automotriz de vehículos ligeros. Producción de vehículos ","Nacional",2021,"03","Mazda","Mazda 2 Sedán","Automóviles","Subcompactos",337
"Registro administrativo de la industria automotriz de vehículos ligeros. Producción de vehículos ","Nacional",2021,"03","Mazda","Mazda 3 Hatchback","Automóviles","Compactos",0
"Registro administrativo de la industria automotriz de vehículos ligeros. Producción de vehículos ","Nacional",2021,"03","Mazda","Mazda 3 Sedán-","Automóviles","Compactos",1111
"Registro administrativo de la industria automotriz de vehículos ligeros. Producción de vehículos ","Nacional",2021,"03","Mercedes Benz_Prod_Expo","GLB_","Camiones ligeros","SUV's",10021
"Registro administrativo de la industria automotriz de vehículos ligeros. Producción de vehículos ","Nacional",2021,"03","Nissan","Kicks","Camiones ligeros","SUV's",11958
"Registro administrativo de la industria automotriz de vehículos ligeros. Producción de vehículos ","Nacional",2021,"03","Nissan","March","Automóviles","Subcompactos",2321
"Registro administrativo de la industria automotriz de vehículos ligeros. Producción de vehículos ","Nacional",2021,"03","Nissan","Note","Automóviles","Compactos",0
"Registro administrativo de la industria automotriz de vehículos ligeros. Producción de vehículos ","Nacional",2021,"03","Nissan","NP300","Camiones ligeros","Pick Ups",7097
"Registro administrativo de la industria automotriz de vehículos ligeros. Producción de vehículos ","Nacional",2021,"03","Nissan","NV 200 Cargo","Camiones ligeros","SUV's",2883
"Registro administrativo de la industria automotriz de vehículos ligeros. Producción de vehículos ","Nacional",2021,"03","Nissan","NV 200 NY TAXI","Camiones ligeros","SUV's",0
"Registro administrativo de la industria automotriz de vehículos ligeros. Producción de vehículos ","Nacional",2021,"03","Nissan","QX50","Camiones ligeros","SUV's",3308
"Registro administrativo de la industria automotriz de vehículos ligeros. Producción de vehículos ","Nacional",2021,"03","Nissan","QX55","Camiones ligeros","SUV's",1019
"Registro administrativo de la industria automotriz de vehículos ligeros. Producción de vehículos ","Nacional",2021,"03","Nissan","Sentra","Automóviles","Compactos",14247
"Registro administrativo de la industria automotriz de vehículos ligeros. Producción de vehículos ","Nacional",2021,"03","Nissan","Tiida Sedan","Automóviles","Compactos",0
"Registro administrativo de la industria automotriz de vehículos ligeros. Producción de vehículos ","Nacional",2021,"03","Nissan","Versa","Automóviles","Compactos",16311
"Registro administrativo de la industria automotriz de vehículos ligeros. Producción de vehículos ","Nacional",2021,"03","Toyota","Tacoma-","Camiones ligeros","Pick Ups",18519
"Registro administrativo de la industria automotriz de vehículos ligeros. Producción de vehículos ","Nacional",2021,"03","Volkswagen","Golf-","Automóviles","Compactos",63
"Registro administrativo de la industria automotriz de vehículos ligeros. Producción de vehículos ","Nacional",2021,"03","Volkswagen","Jetta","Automóviles","Compactos",10124
"Registro administrativo de la industria automotriz de vehículos ligeros. Producción de vehículos ","Nacional",2021,"03","Volkswagen","Taos","Camiones ligeros","SUV's",4527
"Registro administrativo de la industria automotriz de vehículos ligeros. Producción de vehículos ","Nacional",2021,"03","Volkswagen","Tiguan-","Camiones ligeros","SUV's",17336
"Registro administrativo de la industria automotriz de vehículos ligeros. Producción de vehículos ","Nacional",2021,"04","Audi","Q5","Camiones ligeros","SUV's",13129
"Registro administrativo de la industria automotriz de vehículos ligeros. Producción de vehículos ","Nacional",2021,"04","BMW Group","Serie 3","Automóviles","De Lujo",6144
"Registro administrativo de la industria automotriz de vehículos ligeros. Producción de vehículos ","Nacional",2021,"04","Chrysler","Crew Cab-","Camiones ligeros","Pick Ups",12323
"Registro administrativo de la industria automotriz de vehículos ligeros. Producción de vehículos ","Nacional",2021,"04","Chrysler","Jeep Compass-","Camiones ligeros","SUV's",225
"Registro administrativo de la industria automotriz de vehículos ligeros. Producción de vehículos ","Nacional",2021,"04","Chrysler","Journey","Camiones ligeros","SUV's",0
"Registro administrativo de la industria automotriz de vehículos ligeros. Producción de vehículos ","Nacional",2021,"04","Chrysler","Promaster","Camiones ligeros","SUV's",5755
"Registro administrativo de la industria automotriz de vehículos ligeros. Producción de vehículos ","Nacional",2021,"04","Chrysler","RAM 1500-","Camiones ligeros","Pick Ups",1973
"Registro administrativo de la industria automotriz de vehículos ligeros. Producción de vehículos ","Nacional",2021,"04","Chrysler","RAM 2500-","Camiones ligeros","Pick Ups",0
"Registro administrativo de la industria automotriz de vehículos ligeros. Producción de vehículos ","Nacional",2021,"04","Chrysler","RAM 4000","Camiones ligeros","Pick Ups",7591
"Registro administrativo de la industria automotriz de vehículos ligeros. Producción de vehículos ","Nacional",2021,"04","Chrysler","RAM 4000 Diesel","Camiones ligeros","Pick Ups",0
"Registro administrativo de la industria automotriz de vehículos ligeros. Producción de vehículos ","Nacional",2021,"04","Fiat","Fiat 500-","Automóviles","Subcompactos",0
"Registro administrativo de la industria automotriz de vehículos ligeros. Producción de vehículos ","Nacional",2021,"04","Ford Motor","Bronco Sport","Camiones ligeros","SUV's",17084
"Registro administrativo de la industria automotriz de vehículos ligeros. Producción de vehículos ","Nacional",2021,"04","Ford Motor","Mustang Mach-E","Camiones ligeros","SUV's",6155
"Registro administrativo de la industria automotriz de vehículos ligeros. Producción de vehículos ","Nacional",2021,"04","General Motors","Avalanche UUV","Camiones ligeros","Pick Ups",0
"Registro administrativo de la industria automotriz de vehículos ligeros. Producción de vehículos ","Nacional",2021,"04","General Motors","Aveo-","Automóviles","Subcompactos",0
"Registro administrativo de la industria automotriz de vehículos ligeros. Producción de vehículos ","Nacional",2021,"04","General Motors","Blazer","Camiones ligeros","SUV's",9097
"Registro administrativo de la industria automotriz de vehículos ligeros. Producción de vehículos ","Nacional",2021,"04","General Motors","Captiva Sport","Camiones ligeros","SUV's",0
"Registro administrativo de la industria automotriz de vehículos ligeros. Producción de vehículos ","Nacional",2021,"04","General Motors","Chevy 3 Ptas","Automóviles","Subcompactos",0
"Registro administrativo de la industria automotriz de vehículos ligeros. Producción de vehículos ","Nacional",2021,"04","General Motors","Chevy 4 PTAS","Automóviles","Subcompactos",0
"Registro administrativo de la industria automotriz de vehículos ligeros. Producción de vehículos ","Nacional",2021,"04","General Motors","Cheyenne  Doble Cabina","Camiones ligeros","Pick Ups",0
"Registro administrativo de la industria automotriz de vehículos ligeros. Producción de vehículos ","Nacional",2021,"04","General Motors","Cheyenne Cabina Regular","Camiones ligeros","Pick Ups",0
"Registro administrativo de la industria automotriz de vehículos ligeros. Producción de vehículos ","Nacional",2021,"04","General Motors","Cruze 4 PTAS-","Automóviles","Compactos",0
"Registro administrativo de la industria automotriz de vehículos ligeros. Producción de vehículos ","Nacional",2021,"04","General Motors","Cruze 5 Ptas","Automóviles","Compactos",0
"Registro administrativo de la industria automotriz de vehículos ligeros. Producción de vehículos ","Nacional",2021,"04","General Motors","Equinox SUV-","Camiones ligeros","SUV's",15400
"Registro administrativo de la industria automotriz de vehículos ligeros. Producción de vehículos ","Nacional",2021,"04","General Motors","Escalade ESV SUV AWD","Camiones ligeros","Minivans",0
"Registro administrativo de la industria automotriz de vehículos ligeros. Producción de vehículos ","Nacional",2021,"04","General Motors","Escalade EXT UUV 4X4","Camiones ligeros","Minivans",0
"Registro administrativo de la industria automotriz de vehículos ligeros. Producción de vehículos ","Nacional",2021,"04","General Motors","GMC Sierra Doble Cabina","Camiones ligeros","Pick Ups",0
"Registro administrativo de la industria automotriz de vehículos ligeros. Producción de vehículos ","Nacional",2021,"04","General Motors","Kodiak Chassis Cab Class 7 PBV33,000","Camiones ligeros","Pick Ups",0
"Registro administrativo de la industria automotriz de vehículos ligeros. Producción de vehículos ","Nacional",2021,"04","General Motors","Onix","Automóviles","Compactos",1787
"Registro administrativo de la industria automotriz de vehículos ligeros. Producción de vehículos ","Nacional",2021,"04","General Motors","Sierra Cabina Regular","Camiones ligeros","Pick Ups",559
"Registro administrativo de la industria automotriz de vehículos ligeros. Producción de vehículos ","Nacional",2021,"04","General Motors","Sierra Doble Cabina","Camiones ligeros","Pick Ups",11828
"Registro administrativo de la industria automotriz de vehículos ligeros. Producción de vehículos ","Nacional",2021,"04","General Motors","Silverado Cabina Regular","Camiones ligeros","Pick Ups",0
"Registro administrativo de la industria automotriz de vehículos ligeros. Producción de vehículos ","Nacional",2021,"04","General Motors","Silverado Cabina Regular","Camiones ligeros","Pick Ups",3040
"Registro administrativo de la industria automotriz de vehículos ligeros. Producción de vehículos ","Nacional",2021,"04","General Motors","Silverado Doble Cabina","Camiones ligeros","Pick Ups",16557
"Registro administrativo de la industria automotriz de vehículos ligeros. Producción de vehículos ","Nacional",2021,"04","General Motors","Silverado 1500 Cabina Regular-","Camiones ligeros","Pick Ups",0
"Registro administrativo de la industria automotriz de vehículos ligeros. Producción de vehículos ","Nacional",2021,"04","General Motors","Silverado 2500 Cabina Regular-","Camiones ligeros","Pick Ups",0
"Registro administrativo de la industria automotriz de vehículos ligeros. Producción de vehículos ","Nacional",2021,"04","General Motors","Silverado 2500 Doble Cabina-","Camiones ligeros","Pick Ups",0
"Registro administrativo de la industria automotriz de vehículos ligeros. Producción de vehículos ","Nacional",2021,"04","General Motors","Silverado 3500 Chassis Cab","Camiones ligeros","Pick Ups",0
"Registro administrativo de la industria automotriz de vehículos ligeros. Producción de vehículos ","Nacional",2021,"04","General Motors","Silverado 3500 HD Chassis Cab Heavy Duty","Camiones ligeros","Pick Ups",0
"Registro administrativo de la industria automotriz de vehículos ligeros. Producción de vehículos ","Nacional",2021,"04","General Motors","Sonic-","Automóviles","Subcompactos",0
"Registro administrativo de la industria automotriz de vehículos ligeros. Producción de vehículos ","Nacional",2021,"04","General Motors","Sonic 5 PTS-","Automóviles","Subcompactos",0
"Registro administrativo de la industria automotriz de vehículos ligeros. Producción de vehículos ","Nacional",2021,"04","General Motors","SRX SUV-","Camiones ligeros","SUV's",0
"Registro administrativo de la industria automotriz de vehículos ligeros. Producción de vehículos ","Nacional",2021,"04","General Motors","Terrain SUV-","Camiones ligeros","SUV's",8827
"Registro administrativo de la industria automotriz de vehículos ligeros. Producción de vehículos ","Nacional",2021,"04","General Motors","Trax","Camiones ligeros","SUV's",0
"Registro administrativo de la industria automotriz de vehículos ligeros. Producción de vehículos ","Nacional",2021,"04","Honda","Fit-","Automóviles","Subcompactos",0
"Registro administrativo de la industria automotriz de vehículos ligeros. Producción de vehículos ","Nacional",2021,"04","Honda","HR-V-","Camiones ligeros","SUV's",11303
"Registro administrativo de la industria automotriz de vehículos ligeros. Producción de vehículos ","Nacional",2021,"04","JAC","Frison","Camiones ligeros","Pick Ups",108
"Registro administrativo de la industria automotriz de vehículos ligeros. Producción de vehículos ","Nacional",2021,"04","JAC","GML X150 EV","Camiones ligeros","Pick Ups",38
"Registro administrativo de la industria automotriz de vehículos ligeros. Producción de vehículos ","Nacional",2021,"04","JAC","J7","Automóviles","Compactos",31
"Registro administrativo de la industria automotriz de vehículos ligeros. Producción de vehículos ","Nacional",2021,"04","JAC","X250","Camiones ligeros","Pick Ups",24
"Registro administrativo de la industria automotriz de vehículos ligeros. Producción de vehículos ","Nacional",2021,"04","KIA","Forte-","Automóviles","Compactos",10719
"Registro administrativo de la industria automotriz de vehículos ligeros. Producción de vehículos ","Nacional",2021,"04","KIA","Forte Hatchback","Automóviles","Compactos",0
"Registro administrativo de la industria automotriz de vehículos ligeros. Producción de vehículos ","Nacional",2021,"04","KIA","Hyundai Accent Hatchback","Automóviles","Subcompactos",111
"Registro administrativo de la industria automotriz de vehículos ligeros. Producción de vehículos ","Nacional",2021,"04","KIA","Hyundai Accent Sedán","Automóviles","Subcompactos",1730
"Registro administrativo de la industria automotriz de vehículos ligeros. Producción de vehículos ","Nacional",2021,"04","KIA","Kia Río Hatchback-","Automóviles","Subcompactos",2041
"Registro administrativo de la industria automotriz de vehículos ligeros. Producción de vehículos ","Nacional",2021,"04","KIA","KIA Río Sedan-","Automóviles","Subcompactos",3899
"Registro administrativo de la industria automotriz de vehículos ligeros. Producción de vehículos ","Nacional",2021,"04","Mazda","CX-30","Camiones ligeros","SUV's",6803
"Registro administrativo de la industria automotriz de vehículos ligeros. Producción de vehículos ","Nacional",2021,"04","Mazda","Mazda 2 Hatchback","Automóviles","Subcompactos",1519
"Registro administrativo de la industria automotriz de vehículos ligeros. Producción de vehículos ","Nacional",2021,"04","Mazda","Mazda 2 Sedán","Automóviles","Subcompactos",569
"Registro administrativo de la industria automotriz de vehículos ligeros. Producción de vehículos ","Nacional",2021,"04","Mazda","Mazda 3 Hatchback","Automóviles","Compactos",0
"Registro administrativo de la industria automotriz de vehículos ligeros. Producción de vehículos ","Nacional",2021,"04","Mazda","Mazda 3 Sedán-","Automóviles","Compactos",1013
"Registro administrativo de la industria automotriz de vehículos ligeros. Producción de vehículos ","Nacional",2021,"04","Mercedes Benz_Prod_Expo","GLB_","Camiones ligeros","SUV's",9432
"Registro administrativo de la industria automotriz de vehículos ligeros. Producción de vehículos ","Nacional",2021,"04","Nissan","Kicks","Camiones ligeros","SUV's",6921
"Registro administrativo de la industria automotriz de vehículos ligeros. Producción de vehículos ","Nacional",2021,"04","Nissan","March","Automóviles","Subcompactos",2978
"Registro administrativo de la industria automotriz de vehículos ligeros. Producción de vehículos ","Nacional",2021,"04","Nissan","Note","Automóviles","Compactos",0
"Registro administrativo de la industria automotriz de vehículos ligeros. Producción de vehículos ","Nacional",2021,"04","Nissan","NP300","Camiones ligeros","Pick Ups",6268
"Registro administrativo de la industria automotriz de vehículos ligeros. Producción de vehículos ","Nacional",2021,"04","Nissan","NV 200 Cargo","Camiones ligeros","SUV's",2136
"Registro administrativo de la industria automotriz de vehículos ligeros. Producción de vehículos ","Nacional",2021,"04","Nissan","NV 200 NY TAXI","Camiones ligeros","SUV's",0
"Registro administrativo de la industria automotriz de vehículos ligeros. Producción de vehículos ","Nacional",2021,"04","Nissan","QX50","Camiones ligeros","SUV's",1063
"Registro administrativo de la industria automotriz de vehículos ligeros. Producción de vehículos ","Nacional",2021,"04","Nissan","QX55","Camiones ligeros","SUV's",830
"Registro administrativo de la industria automotriz de vehículos ligeros. Producción de vehículos ","Nacional",2021,"04","Nissan","Sentra","Automóviles","Compactos",11558
"Registro administrativo de la industria automotriz de vehículos ligeros. Producción de vehículos ","Nacional",2021,"04","Nissan","Tiida Sedan","Automóviles","Compactos",0
"Registro administrativo de la industria automotriz de vehículos ligeros. Producción de vehículos ","Nacional",2021,"04","Nissan","Versa","Automóviles","Compactos",7436
"Registro administrativo de la industria automotriz de vehículos ligeros. Producción de vehículos ","Nacional",2021,"04","Toyota","Tacoma-","Camiones ligeros","Pick Ups",19486
"Registro administrativo de la industria automotriz de vehículos ligeros. Producción de vehículos ","Nacional",2021,"04","Volkswagen","Jetta","Automóviles","Compactos",3335
"Registro administrativo de la industria automotriz de vehículos ligeros. Producción de vehículos ","Nacional",2021,"04","Volkswagen","Taos","Camiones ligeros","SUV's",5121
"Registro administrativo de la industria automotriz de vehículos ligeros. Producción de vehículos ","Nacional",2021,"04","Volkswagen","Tiguan-","Camiones ligeros","SUV's",15234
"Registro administrativo de la industria automotriz de vehículos ligeros. Producción de vehículos ","Nacional",2021,"05","Audi","Q5","Camiones ligeros","SUV's",15011
"Registro administrativo de la industria automotriz de vehículos ligeros. Producción de vehículos ","Nacional",2021,"05","BMW Group","Serie 3","Automóviles","De Lujo",6143
"Registro administrativo de la industria automotriz de vehículos ligeros. Producción de vehículos ","Nacional",2021,"05","Chrysler","Crew Cab-","Camiones ligeros","Pick Ups",12263
"Registro administrativo de la industria automotriz de vehículos ligeros. Producción de vehículos ","Nacional",2021,"05","Chrysler","Jeep Compass-","Camiones ligeros","SUV's",2000
"Registro administrativo de la industria automotriz de vehículos ligeros. Producción de vehículos ","Nacional",2021,"05","Chrysler","Journey","Camiones ligeros","SUV's",0
"Registro administrativo de la industria automotriz de vehículos ligeros. Producción de vehículos ","Nacional",2021,"05","Chrysler","Promaster","Camiones ligeros","SUV's",6319
"Registro administrativo de la industria automotriz de vehículos ligeros. Producción de vehículos ","Nacional",2021,"05","Chrysler","RAM 1500-","Camiones ligeros","Pick Ups",58
"Registro administrativo de la industria automotriz de vehículos ligeros. Producción de vehículos ","Nacional",2021,"05","Chrysler","RAM 2500-","Camiones ligeros","Pick Ups",0
"Registro administrativo de la industria automotriz de vehículos ligeros. Producción de vehículos ","Nacional",2021,"05","Chrysler","RAM 4000","Camiones ligeros","Pick Ups",7771
"Registro administrativo de la industria automotriz de vehículos ligeros. Producción de vehículos ","Nacional",2021,"05","Chrysler","RAM 4000 Diesel","Camiones ligeros","Pick Ups",0
"Registro administrativo de la industria automotriz de vehículos ligeros. Producción de vehículos ","Nacional",2021,"05","Ford Motor","Bronco Sport","Camiones ligeros","SUV's",6790
"Registro administrativo de la industria automotriz de vehículos ligeros. Producción de vehículos ","Nacional",2021,"05","Ford Motor","Mustang Mach-E","Camiones ligeros","SUV's",6845
"Registro administrativo de la industria automotriz de vehículos ligeros. Producción de vehículos ","Nacional",2021,"05","General Motors","Avalanche UUV","Camiones ligeros","Pick Ups",0
"Registro administrativo de la industria automotriz de vehículos ligeros. Producción de vehículos ","Nacional",2021,"05","General Motors","Aveo-","Automóviles","Subcompactos",0
"Registro administrativo de la industria automotriz de vehículos ligeros. Producción de vehículos ","Nacional",2021,"05","General Motors","Blazer","Camiones ligeros","SUV's",347
"Registro administrativo de la industria automotriz de vehículos ligeros. Producción de vehículos ","Nacional",2021,"05","General Motors","Captiva Sport","Camiones ligeros","SUV's",0
"Registro administrativo de la industria automotriz de vehículos ligeros. Producción de vehículos ","Nacional",2021,"05","General Motors","Chevy 3 Ptas","Automóviles","Subcompactos",0
"Registro administrativo de la industria automotriz de vehículos ligeros. Producción de vehículos ","Nacional",2021,"05","General Motors","Chevy 4 PTAS","Automóviles","Subcompactos",0
"Registro administrativo de la industria automotriz de vehículos ligeros. Producción de vehículos ","Nacional",2021,"05","General Motors","Cheyenne  Doble Cabina","Camiones ligeros","Pick Ups",0
"Registro administrativo de la industria automotriz de vehículos ligeros. Producción de vehículos ","Nacional",2021,"05","General Motors","Cheyenne Cabina Regular","Camiones ligeros","Pick Ups",0
"Registro administrativo de la industria automotriz de vehículos ligeros. Producción de vehículos ","Nacional",2021,"05","General Motors","Cruze 4 PTAS-","Automóviles","Compactos",0
"Registro administrativo de la industria automotriz de vehículos ligeros. Producción de vehículos ","Nacional",2021,"05","General Motors","Cruze 5 Ptas","Automóviles","Compactos",0
"Registro administrativo de la industria automotriz de vehículos ligeros. Producción de vehículos ","Nacional",2021,"05","General Motors","Equinox SUV-","Camiones ligeros","SUV's",3672
"Registro administrativo de la industria automotriz de vehículos ligeros. Producción de vehículos ","Nacional",2021,"05","General Motors","Escalade ESV SUV AWD","Camiones ligeros","Minivans",0
"Registro administrativo de la industria automotriz de vehículos ligeros. Producción de vehículos ","Nacional",2021,"05","General Motors","Escalade EXT UUV 4X4","Camiones ligeros","Minivans",0
"Registro administrativo de la industria automotriz de vehículos ligeros. Producción de vehículos ","Nacional",2021,"05","General Motors","GMC Sierra Doble Cabina","Camiones ligeros","Pick Ups",0
"Registro administrativo de la industria automotriz de vehículos ligeros. Producción de vehículos ","Nacional",2021,"05","General Motors","Kodiak Chassis Cab Class 7 PBV33,000","Camiones ligeros","Pick Ups",0
"Registro administrativo de la industria automotriz de vehículos ligeros. Producción de vehículos ","Nacional",2021,"05","General Motors","Onix","Automóviles","Compactos",570
"Registro administrativo de la industria automotriz de vehículos ligeros. Producción de vehículos ","Nacional",2021,"05","General Motors","Sierra Cabina Regular","Camiones ligeros","Pick Ups",640
"Registro administrativo de la industria automotriz de vehículos ligeros. Producción de vehículos ","Nacional",2021,"05","General Motors","Sierra Doble Cabina","Camiones ligeros","Pick Ups",13299
"Registro administrativo de la industria automotriz de vehículos ligeros. Producción de vehículos ","Nacional",2021,"05","General Motors","Silverado Cabina Regular","Camiones ligeros","Pick Ups",3539
"Registro administrativo de la industria automotriz de vehículos ligeros. Producción de vehículos ","Nacional",2021,"05","General Motors","Silverado Cabina Regular","Camiones ligeros","Pick Ups",0
"Registro administrativo de la industria automotriz de vehículos ligeros. Producción de vehículos ","Nacional",2021,"05","General Motors","Silverado Doble Cabina","Camiones ligeros","Pick Ups",17445
"Registro administrativo de la industria automotriz de vehículos ligeros. Producción de vehículos ","Nacional",2021,"05","General Motors","Silverado 1500 Cabina Regular-","Camiones ligeros","Pick Ups",0
"Registro administrativo de la industria automotriz de vehículos ligeros. Producción de vehículos ","Nacional",2021,"05","General Motors","Silverado 2500 Cabina Regular-","Camiones ligeros","Pick Ups",0
"Registro administrativo de la industria automotriz de vehículos ligeros. Producción de vehículos ","Nacional",2021,"05","General Motors","Silverado 2500 Doble Cabina-","Camiones ligeros","Pick Ups",0
"Registro administrativo de la industria automotriz de vehículos ligeros. Producción de vehículos ","Nacional",2021,"05","General Motors","Silverado 3500 Chassis Cab","Camiones ligeros","Pick Ups",0
"Registro administrativo de la industria automotriz de vehículos ligeros. Producción de vehículos ","Nacional",2021,"05","General Motors","Silverado 3500 HD Chassis Cab Heavy Duty","Camiones ligeros","Pick Ups",0
"Registro administrativo de la industria automotriz de vehículos ligeros. Producción de vehículos ","Nacional",2021,"05","General Motors","Sonic-","Automóviles","Subcompactos",0
"Registro administrativo de la industria automotriz de vehículos ligeros. Producción de vehículos ","Nacional",2021,"05","General Motors","Sonic 5 PTS-","Automóviles","Subcompactos",0
"Registro administrativo de la industria automotriz de vehículos ligeros. Producción de vehículos ","Nacional",2021,"05","General Motors","SRX SUV-","Camiones ligeros","SUV's",0
"Registro administrativo de la industria automotriz de vehículos ligeros. Producción de vehículos ","Nacional",2021,"05","General Motors","Terrain SUV-","Camiones ligeros","SUV's",4548
"Registro administrativo de la industria automotriz de vehículos ligeros. Producción de vehículos ","Nacional",2021,"05","General Motors","Trax","Camiones ligeros","SUV's",0
"Registro administrativo de la industria automotriz de vehículos ligeros. Producción de vehículos ","Nacional",2021,"05","Honda","HR-V-","Camiones ligeros","SUV's",12967
"Registro administrativo de la industria automotriz de vehículos ligeros. Producción de vehículos ","Nacional",2021,"05","JAC","Frison","Camiones ligeros","Pick Ups",7
"Registro administrativo de la industria automotriz de vehículos ligeros. Producción de vehículos ","Nacional",2021,"05","JAC","GML X150 EV","Camiones ligeros","Pick Ups",2
"Registro administrativo de la industria automotriz de vehículos ligeros. Producción de vehículos ","Nacional",2021,"05","JAC","J7","Automóviles","Compactos",24
"Registro administrativo de la industria automotriz de vehículos ligeros. Producción de vehículos ","Nacional",2021,"05","JAC","X350","Camiones ligeros","Pick Ups",24
"Registro administrativo de la industria automotriz de vehículos ligeros. Producción de vehículos ","Nacional",2021,"05","KIA","Forte-","Automóviles","Compactos",10924
"Registro administrativo de la industria automotriz de vehículos ligeros. Producción de vehículos ","Nacional",2021,"05","KIA","Forte Hatchback","Automóviles","Compactos",0
"Registro administrativo de la industria automotriz de vehículos ligeros. Producción de vehículos ","Nacional",2021,"05","KIA","Hyundai Accent Hatchback","Automóviles","Subcompactos",48
"Registro administrativo de la industria automotriz de vehículos ligeros. Producción de vehículos ","Nacional",2021,"05","KIA","Hyundai Accent Sedán","Automóviles","Subcompactos",1696
"Registro administrativo de la industria automotriz de vehículos ligeros. Producción de vehículos ","Nacional",2021,"05","KIA","Kia Río Hatchback-","Automóviles","Subcompactos",2197
"Registro administrativo de la industria automotriz de vehículos ligeros. Producción de vehículos ","Nacional",2021,"05","KIA","KIA Río Sedan-","Automóviles","Subcompactos",5135
"Registro administrativo de la industria automotriz de vehículos ligeros. Producción de vehículos ","Nacional",2021,"05","Mazda","CX-30","Camiones ligeros","SUV's",6934
"Registro administrativo de la industria automotriz de vehículos ligeros. Producción de vehículos ","Nacional",2021,"05","Mazda","Mazda 2 Hatchback","Automóviles","Subcompactos",1826
"Registro administrativo de la industria automotriz de vehículos ligeros. Producción de vehículos ","Nacional",2021,"05","Mazda","Mazda 2 Sedán","Automóviles","Subcompactos",524
"Registro administrativo de la industria automotriz de vehículos ligeros. Producción de vehículos ","Nacional",2021,"05","Mazda","Mazda 3 Hatchback","Automóviles","Compactos",0
"Registro administrativo de la industria automotriz de vehículos ligeros. Producción de vehículos ","Nacional",2021,"05","Mazda","Mazda 3 Sedán-","Automóviles","Compactos",1089
"Registro administrativo de la industria automotriz de vehículos ligeros. Producción de vehículos ","Nacional",2021,"05","Mercedes Benz_Prod_Expo","GLB_","Camiones ligeros","SUV's",8370
"Registro administrativo de la industria automotriz de vehículos ligeros. Producción de vehículos ","Nacional",2021,"05","Nissan","Kicks","Camiones ligeros","SUV's",9126
"Registro administrativo de la industria automotriz de vehículos ligeros. Producción de vehículos ","Nacional",2021,"05","Nissan","March","Automóviles","Subcompactos",2039
"Registro administrativo de la industria automotriz de vehículos ligeros. Producción de vehículos ","Nacional",2021,"05","Nissan","Note","Automóviles","Compactos",0
"Registro administrativo de la industria automotriz de vehículos ligeros. Producción de vehículos ","Nacional",2021,"05","Nissan","NP300","Camiones ligeros","Pick Ups",6808
"Registro administrativo de la industria automotriz de vehículos ligeros. Producción de vehículos ","Nacional",2021,"05","Nissan","NV 200 Cargo","Camiones ligeros","SUV's",2866
"Registro administrativo de la industria automotriz de vehículos ligeros. Producción de vehículos ","Nacional",2021,"05","Nissan","NV 200 NY TAXI","Camiones ligeros","SUV's",0
"Registro administrativo de la industria automotriz de vehículos ligeros. Producción de vehículos ","Nacional",2021,"05","Nissan","QX50","Camiones ligeros","SUV's",657
"Registro administrativo de la industria automotriz de vehículos ligeros. Producción de vehículos ","Nacional",2021,"05","Nissan","QX55","Camiones ligeros","SUV's",378
"Registro administrativo de la industria automotriz de vehículos ligeros. Producción de vehículos ","Nacional",2021,"05","Nissan","Sentra","Automóviles","Compactos",13332
"Registro administrativo de la industria automotriz de vehículos ligeros. Producción de vehículos ","Nacional",2021,"05","Nissan","Tiida Sedan","Automóviles","Compactos",0
"Registro administrativo de la industria automotriz de vehículos ligeros. Producción de vehículos ","Nacional",2021,"05","Nissan","Versa","Automóviles","Compactos",8030
"Registro administrativo de la industria automotriz de vehículos ligeros. Producción de vehículos ","Nacional",2021,"05","Toyota","Tacoma-","Camiones ligeros","Pick Ups",18897
"Registro administrativo de la industria automotriz de vehículos ligeros. Producción de vehículos ","Nacional",2021,"05","Toyota","Yaris-R","Automóviles","Subcompactos",0
"Registro administrativo de la industria automotriz de vehículos ligeros. Producción de vehículos ","Nacional",2021,"05","Volkswagen","Jetta","Automóviles","Compactos",2971
"Registro administrativo de la industria automotriz de vehículos ligeros. Producción de vehículos ","Nacional",2021,"05","Volkswagen","Taos","Camiones ligeros","SUV's",6912
"Registro administrativo de la industria automotriz de vehículos ligeros. Producción de vehículos ","Nacional",2021,"05","Volkswagen","Tiguan-","Camiones ligeros","SUV's",10399
"Registro administrativo de la industria automotriz de vehículos ligeros. Producción de vehículos ","Nacional",2021,"06","Audi","Q5","Camiones ligeros","SUV's",16248
"Registro administrativo de la industria automotriz de vehículos ligeros. Producción de vehículos ","Nacional",2021,"06","BMW Group","Serie 3","Automóviles","De Lujo",5656
"Registro administrativo de la industria automotriz de vehículos ligeros. Producción de vehículos ","Nacional",2021,"06","Chrysler","Crew Cab-","Camiones ligeros","Pick Ups",13244
"Registro administrativo de la industria automotriz de vehículos ligeros. Producción de vehículos ","Nacional",2021,"06","Chrysler","Jeep Compass-","Camiones ligeros","SUV's",0
"Registro administrativo de la industria automotriz de vehículos ligeros. Producción de vehículos ","Nacional",2021,"06","Chrysler","Journey","Camiones ligeros","SUV's",0
"Registro administrativo de la industria automotriz de vehículos ligeros. Producción de vehículos ","Nacional",2021,"06","Chrysler","Promaster","Camiones ligeros","SUV's",6852
"Registro administrativo de la industria automotriz de vehículos ligeros. Producción de vehículos ","Nacional",2021,"06","Chrysler","RAM 1500-","Camiones ligeros","Pick Ups",4458
"Registro administrativo de la industria automotriz de vehículos ligeros. Producción de vehículos ","Nacional",2021,"06","Chrysler","RAM 2500-","Camiones ligeros","Pick Ups",0
"Registro administrativo de la industria automotriz de vehículos ligeros. Producción de vehículos ","Nacional",2021,"06","Chrysler","RAM 4000","Camiones ligeros","Pick Ups",8349
"Registro administrativo de la industria automotriz de vehículos ligeros. Producción de vehículos ","Nacional",2021,"06","Chrysler","RAM 4000 Diesel","Camiones ligeros","Pick Ups",0
"Registro administrativo de la industria automotriz de vehículos ligeros. Producción de vehículos ","Nacional",2021,"06","Fiat","Fiat 500-","Automóviles","Subcompactos",0
"Registro administrativo de la industria automotriz de vehículos ligeros. Producción de vehículos ","Nacional",2021,"06","Ford Motor","Bronco Sport","Camiones ligeros","SUV's",13386
"Registro administrativo de la industria automotriz de vehículos ligeros. Producción de vehículos ","Nacional",2021,"06","Ford Motor","Mustang Mach-E","Camiones ligeros","SUV's",6963
"Registro administrativo de la industria automotriz de vehículos ligeros. Producción de vehículos ","Nacional",2021,"06","General Motors","Avalanche UUV","Camiones ligeros","Pick Ups",0
"Registro administrativo de la industria automotriz de vehículos ligeros. Producción de vehículos ","Nacional",2021,"06","General Motors","Aveo-","Automóviles","Subcompactos",0
"Registro administrativo de la industria automotriz de vehículos ligeros. Producción de vehículos ","Nacional",2021,"06","General Motors","Blazer","Camiones ligeros","SUV's",9649
"Registro administrativo de la industria automotriz de vehículos ligeros. Producción de vehículos ","Nacional",2021,"06","General Motors","Captiva Sport","Camiones ligeros","SUV's",0
"Registro administrativo de la industria automotriz de vehículos ligeros. Producción de vehículos ","Nacional",2021,"06","General Motors","Chevy 3 Ptas","Automóviles","Subcompactos",0
"Registro administrativo de la industria automotriz de vehículos ligeros. Producción de vehículos ","Nacional",2021,"06","General Motors","Chevy 4 PTAS","Automóviles","Subcompactos",0
"Registro administrativo de la industria automotriz de vehículos ligeros. Producción de vehículos ","Nacional",2021,"06","General Motors","Cheyenne  Doble Cabina","Camiones ligeros","Pick Ups",0
"Registro administrativo de la industria automotriz de vehículos ligeros. Producción de vehículos ","Nacional",2021,"06","General Motors","Cheyenne Cabina Regular","Camiones ligeros","Pick Ups",0
"Registro administrativo de la industria automotriz de vehículos ligeros. Producción de vehículos ","Nacional",2021,"06","General Motors","Cruze 4 PTAS-","Automóviles","Compactos",0
"Registro administrativo de la industria automotriz de vehículos ligeros. Producción de vehículos ","Nacional",2021,"06","General Motors","Cruze 5 Ptas","Automóviles","Compactos",0
"Registro administrativo de la industria automotriz de vehículos ligeros. Producción de vehículos ","Nacional",2021,"06","General Motors","Equinox SUV-","Camiones ligeros","SUV's",17258
"Registro administrativo de la industria automotriz de vehículos ligeros. Producción de vehículos ","Nacional",2021,"06","General Motors","Escalade ESV SUV AWD","Camiones ligeros","Minivans",0
"Registro administrativo de la industria automotriz de vehículos ligeros. Producción de vehículos ","Nacional",2021,"06","General Motors","Escalade EXT UUV 4X4","Camiones ligeros","Minivans",0
"Registro administrativo de la industria automotriz de vehículos ligeros. Producción de vehículos ","Nacional",2021,"06","General Motors","GMC Sierra Doble Cabina","Camiones ligeros","Pick Ups",0
"Registro administrativo de la industria automotriz de vehículos ligeros. Producción de vehículos ","Nacional",2021,"06","General Motors","Kodiak Chassis Cab Class 7 PBV33,000","Camiones ligeros","Pick Ups",0
"Registro administrativo de la industria automotriz de vehículos ligeros. Producción de vehículos ","Nacional",2021,"06","General Motors","Onix","Automóviles","Compactos",3
"Registro administrativo de la industria automotriz de vehículos ligeros. Producción de vehículos ","Nacional",2021,"06","General Motors","Sierra Cabina Regular","Camiones ligeros","Pick Ups",458
"Registro administrativo de la industria automotriz de vehículos ligeros. Producción de vehículos ","Nacional",2021,"06","General Motors","Sierra Doble Cabina","Camiones ligeros","Pick Ups",11911
"Registro administrativo de la industria automotriz de vehículos ligeros. Producción de vehículos ","Nacional",2021,"06","General Motors","Silverado Cabina Regular","Camiones ligeros","Pick Ups",2986
"Registro administrativo de la industria automotriz de vehículos ligeros. Producción de vehículos ","Nacional",2021,"06","General Motors","Silverado Cabina Regular","Camiones ligeros","Pick Ups",0
"Registro administrativo de la industria automotriz de vehículos ligeros. Producción de vehículos ","Nacional",2021,"06","General Motors","Silverado Doble Cabina","Camiones ligeros","Pick Ups",15953
"Registro administrativo de la industria automotriz de vehículos ligeros. Producción de vehículos ","Nacional",2021,"06","General Motors","Silverado 1500 Cabina Regular-","Camiones ligeros","Pick Ups",0
"Registro administrativo de la industria automotriz de vehículos ligeros. Producción de vehículos ","Nacional",2021,"06","General Motors","Silverado 2500 Cabina Regular-","Camiones ligeros","Pick Ups",0
"Registro administrativo de la industria automotriz de vehículos ligeros. Producción de vehículos ","Nacional",2021,"06","General Motors","Silverado 2500 Doble Cabina-","Camiones ligeros","Pick Ups",0
"Registro administrativo de la industria automotriz de vehículos ligeros. Producción de vehículos ","Nacional",2021,"06","General Motors","Silverado 3500 Chassis Cab","Camiones ligeros","Pick Ups",0
"Registro administrativo de la industria automotriz de vehículos ligeros. Producción de vehículos ","Nacional",2021,"06","General Motors","Silverado 3500 HD Chassis Cab Heavy Duty","Camiones ligeros","Pick Ups",0
"Registro administrativo de la industria automotriz de vehículos ligeros. Producción de vehículos ","Nacional",2021,"06","General Motors","Sonic-","Automóviles","Subcompactos",0
"Registro administrativo de la industria automotriz de vehículos ligeros. Producción de vehículos ","Nacional",2021,"06","General Motors","Sonic 5 PTS-","Automóviles","Subcompactos",0
"Registro administrativo de la industria automotriz de vehículos ligeros. Producción de vehículos ","Nacional",2021,"06","General Motors","SRX SUV-","Camiones ligeros","SUV's",0
"Registro administrativo de la industria automotriz de vehículos ligeros. Producción de vehículos ","Nacional",2021,"06","General Motors","Terrain SUV-","Camiones ligeros","SUV's",6223
"Registro administrativo de la industria automotriz de vehículos ligeros. Producción de vehículos ","Nacional",2021,"06","General Motors","Trax","Camiones ligeros","SUV's",0
"Registro administrativo de la industria automotriz de vehículos ligeros. Producción de vehículos ","Nacional",2021,"06","Honda","Fit-","Automóviles","Subcompactos",0
"Registro administrativo de la industria automotriz de vehículos ligeros. Producción de vehículos ","Nacional",2021,"06","Honda","HR-V-","Camiones ligeros","SUV's",15257
"Registro administrativo de la industria automotriz de vehículos ligeros. Producción de vehículos ","Nacional",2021,"06","JAC","Frison","Camiones ligeros","Pick Ups",83
"Registro administrativo de la industria automotriz de vehículos ligeros. Producción de vehículos ","Nacional",2021,"06","JAC","J7","Automóviles","Compactos",48
"Registro administrativo de la industria automotriz de vehículos ligeros. Producción de vehículos ","Nacional",2021,"06","JAC","Sei3","Camiones ligeros","SUV's",24
"Registro administrativo de la industria automotriz de vehículos ligeros. Producción de vehículos ","Nacional",2021,"06","JAC","Sei4","Camiones ligeros","SUV's",32
"Registro administrativo de la industria automotriz de vehículos ligeros. Producción de vehículos ","Nacional",2021,"06","KIA","Forte-","Automóviles","Compactos",10907
"Registro administrativo de la industria automotriz de vehículos ligeros. Producción de vehículos ","Nacional",2021,"06","KIA","Forte Hatchback","Automóviles","Compactos",0
"Registro administrativo de la industria automotriz de vehículos ligeros. Producción de vehículos ","Nacional",2021,"06","KIA","Hyundai Accent Hatchback","Automóviles","Subcompactos",158
"Registro administrativo de la industria automotriz de vehículos ligeros. Producción de vehículos ","Nacional",2021,"06","KIA","Hyundai Accent Sedán","Automóviles","Subcompactos",1539
"Registro administrativo de la industria automotriz de vehículos ligeros. Producción de vehículos ","Nacional",2021,"06","KIA","Kia Río Hatchback-","Automóviles","Subcompactos",1550
"Registro administrativo de la industria automotriz de vehículos ligeros. Producción de vehículos ","Nacional",2021,"06","KIA","KIA Río Sedan-","Automóviles","Subcompactos",4746
"Registro administrativo de la industria automotriz de vehículos ligeros. Producción de vehículos ","Nacional",2021,"06","Mazda","CX-30","Camiones ligeros","SUV's",8900
"Registro administrativo de la industria automotriz de vehículos ligeros. Producción de vehículos ","Nacional",2021,"06","Mazda","Mazda 2 Hatchback","Automóviles","Subcompactos",1164
"Registro administrativo de la industria automotriz de vehículos ligeros. Producción de vehículos ","Nacional",2021,"06","Mazda","Mazda 2 Sedán","Automóviles","Subcompactos",440
"Registro administrativo de la industria automotriz de vehículos ligeros. Producción de vehículos ","Nacional",2021,"06","Mazda","Mazda 3 Hatchback","Automóviles","Compactos",0
"Registro administrativo de la industria automotriz de vehículos ligeros. Producción de vehículos ","Nacional",2021,"06","Mazda","Mazda 3 Sedán-","Automóviles","Compactos",729
"Registro administrativo de la industria automotriz de vehículos ligeros. Producción de vehículos ","Nacional",2021,"06","Mercedes Benz_Prod_Expo","GLB_","Camiones ligeros","SUV's",5818
"Registro administrativo de la industria automotriz de vehículos ligeros. Producción de vehículos ","Nacional",2021,"06","Nissan","Kicks","Camiones ligeros","SUV's",11476
"Registro administrativo de la industria automotriz de vehículos ligeros. Producción de vehículos ","Nacional",2021,"06","Nissan","March","Automóviles","Subcompactos",2372
"Registro administrativo de la industria automotriz de vehículos ligeros. Producción de vehículos ","Nacional",2021,"06","Nissan","Note","Automóviles","Compactos",0
"Registro administrativo de la industria automotriz de vehículos ligeros. Producción de vehículos ","Nacional",2021,"06","Nissan","NP300","Camiones ligeros","Pick Ups",5481
"Registro administrativo de la industria automotriz de vehículos ligeros. Producción de vehículos ","Nacional",2021,"06","Nissan","NV 200 Cargo","Camiones ligeros","SUV's",2021
"Registro administrativo de la industria automotriz de vehículos ligeros. Producción de vehículos ","Nacional",2021,"06","Nissan","NV 200 NY TAXI","Camiones ligeros","SUV's",0
"Registro administrativo de la industria automotriz de vehículos ligeros. Producción de vehículos ","Nacional",2021,"06","Nissan","QX50","Camiones ligeros","SUV's",84
"Registro administrativo de la industria automotriz de vehículos ligeros. Producción de vehículos ","Nacional",2021,"06","Nissan","QX55","Camiones ligeros","SUV's",343
"Registro administrativo de la industria automotriz de vehículos ligeros. Producción de vehículos ","Nacional",2021,"06","Nissan","Sentra","Automóviles","Compactos",14399
"Registro administrativo de la industria automotriz de vehículos ligeros. Producción de vehículos ","Nacional",2021,"06","Nissan","Tiida Sedan","Automóviles","Compactos",0
"Registro administrativo de la industria automotriz de vehículos ligeros. Producción de vehículos ","Nacional",2021,"06","Nissan","Versa","Automóviles","Compactos",8399
"Registro administrativo de la industria automotriz de vehículos ligeros. Producción de vehículos ","Nacional",2021,"06","Toyota","Tacoma-","Camiones ligeros","Pick Ups",20441
"Registro administrativo de la industria automotriz de vehículos ligeros. Producción de vehículos ","Nacional",2021,"06","Toyota","Yaris-R","Automóviles","Subcompactos",0
"Registro administrativo de la industria automotriz de vehículos ligeros. Producción de vehículos ","Nacional",2021,"06","Volkswagen","Jetta","Automóviles","Compactos",1098
"Registro administrativo de la industria automotriz de vehículos ligeros. Producción de vehículos ","Nacional",2021,"06","Volkswagen","Taos","Camiones ligeros","SUV's",3262
"Registro administrativo de la industria automotriz de vehículos ligeros. Producción de vehículos ","Nacional",2021,"06","Volkswagen","Tiguan-","Camiones ligeros","SUV's",3587
